"rgn_id","habitat","year","value"
1101,"Macrocystis",2024,14
1404,"Macrocystis",2024,11
2101,"Macrocystis",2024,4.95746232299226
2102,"Macrocystis",2024,10.0451114085868
2104,"Macrocystis",2024,88
2301,"Macrocystis",2024,14
3101,"Macrocystis",2024,4.64012585559063
3102,"Macrocystis",2024,16
3201,"Macrocystis",2024,7
3303,"Macrocystis",2024,8.19124214918305
3304,"Macrocystis",2024,6.06619795829524
4101,"Macrocystis",2024,1.2071864030469
4102,"Macrocystis",2024,17
4104,"Macrocystis",2024,7.96740013812109
4202,"Macrocystis",2024,73
4203,"Macrocystis",2024,83
4301,"Macrocystis",2024,158
5101,"Macrocystis",2024,5
5102,"Macrocystis",2024,1
5105,"Macrocystis",2024,9
5107,"Macrocystis",2024,2
5109,"Macrocystis",2024,1
5401,"Macrocystis",2024,10
5403,"Macrocystis",2024,1
5405,"Macrocystis",2024,1
5601,"Macrocystis",2024,0.0843699906726403
5602,"Macrocystis",2024,12
5603,"Macrocystis",2024,0.0421897073801618
5604,"Macrocystis",2024,0.0423104931859861
5605,"Macrocystis",2024,8
5606,"Macrocystis",2024,6
6201,"Macrocystis",2024,14
6203,"Macrocystis",2024,1
6205,"Macrocystis",2024,1
6206,"Macrocystis",2024,1.07277793886392
7102,"Macrocystis",2024,37
7103,"Macrocystis",2024,1
7202,"Macrocystis",2024,3
7203,"Macrocystis",2024,2
7303,"Macrocystis",2024,0.244859327388196
7309,"Macrocystis",2024,2
8102,"Macrocystis",2024,5
8106,"Macrocystis",2024,3
8107,"Macrocystis",2024,48
8108,"Macrocystis",2024,0.0388323954654579
8110,"Macrocystis",2024,6
8111,"Macrocystis",2024,21
8112,"Macrocystis",2024,7
8201,"Macrocystis",2024,11
8202,"Macrocystis",2024,9
8203,"Macrocystis",2024,0.414771962536017
8206,"Macrocystis",2024,0.0378576826059604
8207,"Macrocystis",2024,1
9102,"Macrocystis",2024,26
9116,"Macrocystis",2024,33
9117,"Macrocystis",2024,20
9118,"Macrocystis",2024,23
10101,"Macrocystis",2024,84
10102,"Macrocystis",2024,41
10103,"Macrocystis",2024,258
10104,"Macrocystis",2024,2.61904200914676
10106,"Macrocystis",2024,14.6105814610513
10108,"Macrocystis",2024,115
10109,"Macrocystis",2024,32
10201,"Macrocystis",2024,84
10202,"Macrocystis",2024,270
10203,"Macrocystis",2024,98
10204,"Macrocystis",2024,26.8542023680616
10205,"Macrocystis",2024,74
10206,"Macrocystis",2024,63
10207,"Macrocystis",2024,575
10208,"Macrocystis",2024,1775
10209,"Macrocystis",2024,29
10210,"Macrocystis",2024,109
10303,"Macrocystis",2024,11.8205576524417
10305,"Macrocystis",2024,40
10306,"Macrocystis",2024,131
10401,"Macrocystis",2024,1609
10403,"Macrocystis",2024,1089
11201,"Macrocystis",2024,8767
11202,"Macrocystis",2024,4962
11203,"Macrocystis",2024,1801
11303,"Macrocystis",2024,56878
12101,"Macrocystis",2024,140905
12102,"Macrocystis",2024,219
12103,"Macrocystis",2024,31506
12104,"Macrocystis",2024,366
12201,"Macrocystis",2024,88520
12301,"Macrocystis",2024,1867
12302,"Macrocystis",2024,210
12303,"Macrocystis",2024,22958
12401,"Macrocystis",2024,272892
12402,"Macrocystis",2024,2378
14101,"Macrocystis",2024,54
14102,"Macrocystis",2024,187
14106,"Macrocystis",2024,24
14201,"Macrocystis",2024,58
15101,"Macrocystis",2024,2.13040205963699
15102,"Macrocystis",2024,0.384269110615063
16202,"Macrocystis",2024,33
16203,"Macrocystis",2024,1
16207,"Macrocystis",2024,3
5104,"Macrocystis",2024,70.83
5201,"Macrocystis",2024,10.08
5104,"Macrocystis",2017,17.2874285714286
5104,"Macrocystis",2018,17.2874285714286
1101,"Macrocystis",2017,13.3780589253616
1101,"Macrocystis",2018,13.1415117145005
1101,"Macrocystis",2019,12.9091470672893
1101,"Macrocystis",2020,12.6808910287715
1101,"Macrocystis",2021,12.4566709516419
1101,"Macrocystis",2022,12.5414334183779
1101,"Macrocystis",2023,9.22375424108069
1404,"Macrocystis",2017,15.650154960232
1404,"Macrocystis",2018,15.3734331632927
1404,"Macrocystis",2019,15.1016042861422
1404,"Macrocystis",2020,14.8345818134992
1404,"Macrocystis",2021,14.5722807598224
1404,"Macrocystis",2022,13.9031926502838
1404,"Macrocystis",2023,10.7902935689984
2101,"Macrocystis",2017,5.39269759447861
2101,"Macrocystis",2018,5.29734537768037
2101,"Macrocystis",2019,5.20367915292767
2101,"Macrocystis",2020,5.11166910896627
2101,"Macrocystis",2021,5.02128596165646
2101,"Macrocystis",2022,4.95746232299226
2101,"Macrocystis",2023,3.7180967422442
2102,"Macrocystis",2017,1.55944223633545
2102,"Macrocystis",2018,1.53186860150831
2102,"Macrocystis",2019,1.50478251621641
2102,"Macrocystis",2020,1.47817535974107
2102,"Macrocystis",2021,1.4520386637928
2102,"Macrocystis",2022,54
2102,"Macrocystis",2023,8.78947248251344
2104,"Macrocystis",2017,7.90023091160129
2104,"Macrocystis",2018,7.76054117053172
2104,"Macrocystis",2019,7.62332138559108
2104,"Macrocystis",2020,7.48852788368476
2104,"Macrocystis",2021,7.35611776393394
2104,"Macrocystis",2022,18.796528835158
2104,"Macrocystis",2023,5.44696273076326
2301,"Macrocystis",2017,35.7222638105589
2301,"Macrocystis",2018,35.0906324268752
2301,"Macrocystis",2019,34.4701693780699
2301,"Macrocystis",2020,33.8606771886738
2301,"Macrocystis",2021,33.2619618749251
2301,"Macrocystis",2022,3
2301,"Macrocystis",2023,25.0579578113004
3101,"Macrocystis",2017,5.04750090050471
3101,"Macrocystis",2018,4.95825235805964
3101,"Macrocystis",2019,4.87058188414503
3101,"Macrocystis",2020,4.78446157578097
3101,"Macrocystis",2021,4.69986402336048
3101,"Macrocystis",2022,4.64012585559063
3101,"Macrocystis",2023,3.48009439169298
3102,"Macrocystis",2017,7.57473318484068
3102,"Macrocystis",2018,7.44079880632679
3102,"Macrocystis",2019,7.30923261918153
3102,"Macrocystis",2020,7.17999274968716
3102,"Macrocystis",2021,7.0530380645257
3102,"Macrocystis",2022,8.25433394686724
3102,"Macrocystis",2023,5.22254220350884
3201,"Macrocystis",2017,0.901069837540856
3201,"Macrocystis",2018,0.885137364971372
3201,"Macrocystis",2019,0.869486606062251
3201,"Macrocystis",2020,0.854112579628931
3201,"Macrocystis",2021,0.8390103925628
3201,"Macrocystis",2022,3
3201,"Macrocystis",2023,1.04983096868089
3303,"Macrocystis",2017,8.91038377212094
3303,"Macrocystis",2018,8.75283278204415
3303,"Macrocystis",2019,8.59806756585869
3303,"Macrocystis",2020,8.4460388662659
3303,"Macrocystis",2021,8.29669829692132
3303,"Macrocystis",2022,8.19124214918305
3303,"Macrocystis",2023,6.14343161188729
3304,"Macrocystis",2017,6.59877352685246
3304,"Macrocystis",2018,6.48209580240909
3304,"Macrocystis",2019,6.36748114185569
3304,"Macrocystis",2020,6.25489306665589
3304,"Macrocystis",2021,6.1442957432769
3304,"Macrocystis",2022,6.06619795829524
3304,"Macrocystis",2023,4.54964846872143
4101,"Macrocystis",2017,1.31317008333186
4101,"Macrocystis",2018,1.28995096594485
4101,"Macrocystis",2019,1.26714240269632
4101,"Macrocystis",2020,1.24473713427929
4101,"Macrocystis",2021,1.2227280297439
4101,"Macrocystis",2022,1.2071864030469
4101,"Macrocystis",2023,0.905389802285174
4102,"Macrocystis",2017,1.65212293292599
4102,"Macrocystis",2018,1.6229105431493
4102,"Macrocystis",2019,1.59421467892859
4102,"Macrocystis",2020,1.566026207199
4102,"Macrocystis",2021,1.53833615638409
4102,"Macrocystis",2022,3.73038539078971
4102,"Macrocystis",2023,1.139087216941
4104,"Macrocystis",2017,7.0033886581696
4104,"Macrocystis",2018,6.87955663867348
4104,"Macrocystis",2019,6.75791418337277
4104,"Macrocystis",2020,6.638422576987
4104,"Macrocystis",2021,6.52104378878881
4104,"Macrocystis",2022,15
4104,"Macrocystis",2023,6.97147512085595
4202,"Macrocystis",2017,11.764440646617
4202,"Macrocystis",2018,11.5564249966768
4202,"Macrocystis",2019,11.3520874230617
4202,"Macrocystis",2020,11.1513628910233
4202,"Macrocystis",2021,10.95418751574
4202,"Macrocystis",2022,6
4202,"Macrocystis",2023,8.96835763901697
4203,"Macrocystis",2017,26.2505610419464
4203,"Macrocystis",2018,25.7864057386507
4203,"Macrocystis",2019,25.3304575035862
4203,"Macrocystis",2020,24.8825712215974
4203,"Macrocystis",2021,24.4426043434159
4203,"Macrocystis",2022,32.5416489549709
4203,"Macrocystis",2023,18.0989428355995
4301,"Macrocystis",2017,13.4093655042829
4301,"Macrocystis",2018,13.1722647389812
4301,"Macrocystis",2019,12.9393563251289
4301,"Macrocystis",2020,12.7105661347042
4301,"Macrocystis",2021,12.4858213503971
4301,"Macrocystis",2022,33.1375304577134
4301,"Macrocystis",2023,9.24533915049919
5101,"Macrocystis",2017,0.648886958817488
5101,"Macrocystis",2018,0.637413515537807
5101,"Macrocystis",2019,0.62614294257152
5101,"Macrocystis",2020,0.615071652820747
5101,"Macrocystis",2021,0.6041961226137
5101,"Macrocystis",2022,1.22558550079367
5101,"Macrocystis",2023,0.447387313194466
5102,"Macrocystis",2017,0.251160658465873
5102,"Macrocystis",2018,0.246719703797518
5102,"Macrocystis",2019,0.242357272885577
5102,"Macrocystis",2020,0.23807197729428
5102,"Macrocystis",2021,0.2338624531378
5102,"Macrocystis",2022,0.340762786217314
5102,"Macrocystis",2023,0.17316743794015
5104,"Macrocystis",2019,17.2874285714286
5104,"Macrocystis",2020,2.75
5104,"Macrocystis",2021,2.75
5104,"Macrocystis",2022,7
5104,"Macrocystis",2023,3.10714285714286
5201,"Macrocystis",2017,11.6445714285714
5201,"Macrocystis",2018,11.6445714285714
5201,"Macrocystis",2019,11.6445714285714
5201,"Macrocystis",2020,7
5201,"Macrocystis",2021,7
5201,"Macrocystis",2022,27.75
5201,"Macrocystis",2023,6.39285714285714
5105,"Macrocystis",2017,1.44050148210504
5105,"Macrocystis",2018,1.41503092544699
5105,"Macrocystis",2019,1.3900107322662
5105,"Macrocystis",2020,1.36543293935776
5105,"Macrocystis",2021,1.34128972432
5105,"Macrocystis",2022,2.42077809036669
5105,"Macrocystis",2023,0.993180829070856
5107,"Macrocystis",2017,0.370599672847822
5107,"Macrocystis",2018,0.364046829909452
5107,"Macrocystis",2019,0.357609852563313
5107,"Macrocystis",2020,0.351286692105415
5107,"Macrocystis",2021,0.3450753360564
5107,"Macrocystis",2022,36
5107,"Macrocystis",2023,5.3983740547832
5109,"Macrocystis",2017,0.566655556132016
5109,"Macrocystis",2018,0.556636106220055
5109,"Macrocystis",2019,0.546793817504966
5109,"Macrocystis",2020,0.537125557470497
5109,"Macrocystis",2021,0.5276282489887
5109,"Macrocystis",2022,3
5109,"Macrocystis",2023,0.819262755188033
5401,"Macrocystis",2017,1.32800061874334
5401,"Macrocystis",2018,1.30451927185004
5401,"Macrocystis",2019,1.28145311576625
5401,"Macrocystis",2020,1.25879480920063
5401,"Macrocystis",2021,1.2365371406686
5401,"Macrocystis",2022,2.47498856428226
5401,"Macrocystis",2023,0.91561499374698
5403,"Macrocystis",2017,1.46558810892053
5403,"Macrocystis",2018,1.43967397732861
5403,"Macrocystis",2019,1.41421805238567
5403,"Macrocystis",2020,1.38921223220596
5403,"Macrocystis",2021,1.3646485581591
5403,"Macrocystis",2022,1.29768831493875
5403,"Macrocystis",2023,1.01047727557141
5405,"Macrocystis",2017,0.6576463072102
5405,"Macrocystis",2018,0.646017983507073
5405,"Macrocystis",2019,0.634595268670995
5405,"Macrocystis",2020,0.623374527181724
5405,"Macrocystis",2021,0.6123521878013
5405,"Macrocystis",2022,0.661058983570823
5405,"Macrocystis",2023,0.45342661062447
5601,"Macrocystis",2017,0.0917771666435801
5601,"Macrocystis",2018,0.0901543876655993
5601,"Macrocystis",2019,0.0885603022255396
5601,"Macrocystis",2020,0.0869944029720428
5601,"Macrocystis",2021,0.0854561915246
5601,"Macrocystis",2022,0.0843699906726403
5601,"Macrocystis",2023,0.0632774930044803
5602,"Macrocystis",2017,0.699436280405258
5602,"Macrocystis",2018,0.687069037726187
5602,"Macrocystis",2019,0.674920469279162
5602,"Macrocystis",2020,0.662986708525699
5602,"Macrocystis",2021,0.6512639572944
5602,"Macrocystis",2022,2.26541656379277
5602,"Macrocystis",2023,0.482239493318672
5603,"Macrocystis",2017,0.0458937090546417
5603,"Macrocystis",2018,0.0450822289338328
5603,"Macrocystis",2019,0.0442850971845115
5603,"Macrocystis",2020,0.0435020601026636
5603,"Macrocystis",2021,0.0427328684702
5603,"Macrocystis",2022,0.0421897073801618
5603,"Macrocystis",2023,0.0316422805351214
5604,"Macrocystis",2017,0.0460250991252217
5604,"Macrocystis",2018,0.0452112958008072
5604,"Macrocystis",2019,0.0444118819261367
5604,"Macrocystis",2020,0.0436266030708612
5604,"Macrocystis",2021,0.0428552093034
5604,"Macrocystis",2022,0.0423104931859861
5604,"Macrocystis",2023,0.0317328698894895
5605,"Macrocystis",2017,0.136589776083609
5605,"Macrocystis",2018,0.134174632695097
5605,"Macrocystis",2019,0.131802193217188
5605,"Macrocystis",2020,0.129471702570911
5605,"Macrocystis",2021,0.1271824190284
5605,"Macrocystis",2022,1.25048501609718
5605,"Macrocystis",2023,0.0941743890850293
5606,"Macrocystis",2017,0.0911902300189063
5606,"Macrocystis",2018,0.0895778290951928
5606,"Macrocystis",2019,0.0879939382074586
5606,"Macrocystis",2020,0.086438053248977
5606,"Macrocystis",2021,0.0849096790265
5606,"Macrocystis",2022,0.928997506872985
5606,"Macrocystis",2023,0.0628728185138621
6201,"Macrocystis",2017,3.6552710295549
6201,"Macrocystis",2018,3.59063951822681
6201,"Macrocystis",2019,3.52715080375915
6201,"Macrocystis",2020,3.46478467952765
6201,"Macrocystis",2021,3.40352129619612
6201,"Macrocystis",2022,4.88022323710443
6201,"Macrocystis",2023,2.52019533246638
6203,"Macrocystis",2017,0.493071346525166
6203,"Macrocystis",2018,0.484352992657334
6203,"Macrocystis",2019,0.475788794358874
6203,"Macrocystis",2020,0.467376025892804
6203,"Macrocystis",2021,0.459112009717882
6203,"Macrocystis",2022,3
6203,"Macrocystis",2023,0.768528738450294
6205,"Macrocystis",2017,1.27980572685769
6205,"Macrocystis",2018,1.25717654897612
6205,"Macrocystis",2019,1.23494749408264
6205,"Macrocystis",2020,1.21311148731104
6205,"Macrocystis",2021,1.191661578891
6205,"Macrocystis",2022,1.15129842222343
6205,"Macrocystis",2023,0.882386119445499
6206,"Macrocystis",2017,1.166961367208
6206,"Macrocystis",2018,1.14632747269941
6206,"Macrocystis",2019,1.12605842111926
6206,"Macrocystis",2020,1.10614776141381
6206,"Macrocystis",2021,1.0865891565951
6206,"Macrocystis",2022,1.07277793886392
6206,"Macrocystis",2023,0.80458345414794
7102,"Macrocystis",2017,1.7990358492145
7102,"Macrocystis",2018,1.767225785083
7102,"Macrocystis",2019,1.73597817788114
7102,"Macrocystis",2020,1.70528308239798
7102,"Macrocystis",2021,1.6751307292711
7102,"Macrocystis",2022,9
7102,"Macrocystis",2023,2.52609337483539
7103,"Macrocystis",2017,1
7103,"Macrocystis",2018,1
7103,"Macrocystis",2019,1
7103,"Macrocystis",2020,1
7103,"Macrocystis",2021,1
7103,"Macrocystis",2022,1
7103,"Macrocystis",2023,1
7202,"Macrocystis",2017,1.57324528526543
7202,"Macrocystis",2018,1.54542758866938
7202,"Macrocystis",2019,1.51810175704262
7202,"Macrocystis",2020,1.4912590933621
7202,"Macrocystis",2021,1.4648910543832
7202,"Macrocystis",2022,1.66823261693432
7202,"Macrocystis",2023,1.08470353981753
7203,"Macrocystis",2017,7.01603940557211
7203,"Macrocystis",2018,6.89198369899029
7203,"Macrocystis",2019,6.77012151177828
7203,"Macrocystis",2020,6.6504140587213
7203,"Macrocystis",2021,6.5328232403942
7203,"Macrocystis",2022,5.8141031698704
7203,"Macrocystis",2023,4.8373402736366
7303,"Macrocystis",2017,0.266356498498806
7303,"Macrocystis",2018,0.261646855106882
7303,"Macrocystis",2019,0.257020486352537
7303,"Macrocystis",2020,0.252475919796205
7303,"Macrocystis",2021,0.2480117090336
7303,"Macrocystis",2022,0.244859327388196
7303,"Macrocystis",2023,0.183644495541147
7309,"Macrocystis",2017,3.52950800950401
7309,"Macrocystis",2018,3.46710020579962
7309,"Macrocystis",2019,3.40579587996033
7309,"Macrocystis",2020,3.34557552058972
7309,"Macrocystis",2021,3.28641996128656
7309,"Macrocystis",2022,3
7309,"Macrocystis",2023,2.8620570824486
8102,"Macrocystis",2017,50.4948016650674
8102,"Macrocystis",2018,49.6019662721684
8102,"Macrocystis",2019,48.7249177526212
8102,"Macrocystis",2020,47.8633769672114
8102,"Macrocystis",2021,47.0170697123884
8102,"Macrocystis",2022,40.5023889582787
8102,"Macrocystis",2023,34.8145903384938
8106,"Macrocystis",2017,10.1224247337817
8106,"Macrocystis",2018,9.94344276402916
8106,"Macrocystis",2019,9.76762550494023
8106,"Macrocystis",2020,9.59491699895897
8106,"Macrocystis",2021,9.42526227795577
8106,"Macrocystis",2022,3
8106,"Macrocystis",2023,7.40766746852369
8107,"Macrocystis",2017,19.3875508945828
8107,"Macrocystis",2018,19.0447454760145
8107,"Macrocystis",2019,18.708001449916
8107,"Macrocystis",2020,18.377211640389
8107,"Macrocystis",2021,18.0522707665904
8107,"Macrocystis",2022,3
8107,"Macrocystis",2023,13.7956828896418
8108,"Macrocystis",2017,0.0422416454166854
8108,"Macrocystis",2018,0.0414947400949759
8108,"Macrocystis",2019,0.0407610413506639
8108,"Macrocystis",2020,0.0400403156686286
8108,"Macrocystis",2021,0.0393323336627
8108,"Macrocystis",2022,0.0388323954654579
8108,"Macrocystis",2023,0.0291242965990934
8110,"Macrocystis",2017,6.20677991795228
8110,"Macrocystis",2018,6.09703331822424
8110,"Macrocystis",2019,5.98922722811812
8110,"Macrocystis",2020,5.88332733606888
8110,"Macrocystis",2021,5.77929993719929
8110,"Macrocystis",2022,5.74786412041842
8110,"Macrocystis",2023,4.27938110536612
8111,"Macrocystis",2017,10.9462929526403
8111,"Macrocystis",2018,10.7527435684089
8111,"Macrocystis",2019,10.5626164719145
8111,"Macrocystis",2020,10.375851151193
8111,"Macrocystis",2021,10.1923881642367
8111,"Macrocystis",2022,11.6252885401459
8111,"Macrocystis",2023,7.54712747262763
8112,"Macrocystis",2017,7.05938000885382
8112,"Macrocystis",2018,6.93455796547527
8112,"Macrocystis",2019,6.811942991626
8112,"Macrocystis",2020,6.69149606250098
8112,"Macrocystis",2021,6.5731788433212
8112,"Macrocystis",2022,6.56253973416772
8112,"Macrocystis",2023,4.86722226739675
8201,"Macrocystis",2017,47.3802197871277
8201,"Macrocystis",2018,46.5424555865694
8201,"Macrocystis",2019,45.719504505471
8201,"Macrocystis",2020,44.9111046222701
8201,"Macrocystis",2021,44.1169986466307
8201,"Macrocystis",2022,38.9053523507051
8201,"Macrocystis",2023,32.667183306867
8202,"Macrocystis",2017,39.175993935417
8202,"Macrocystis",2018,38.4832946320402
8202,"Macrocystis",2019,37.8028434499413
8202,"Macrocystis",2020,37.1344238211604
8202,"Macrocystis",2021,36.4778230070338
8202,"Macrocystis",2022,32.1550006278519
8202,"Macrocystis",2023,27.0106255493704
8203,"Macrocystis",2017,0.451186437514886
8203,"Macrocystis",2018,0.443208681252344
8203,"Macrocystis",2019,0.435371985513108
8203,"Macrocystis",2020,0.427673856103249
8203,"Macrocystis",2021,0.4201118429305
8203,"Macrocystis",2022,0.414771962536017
8203,"Macrocystis",2023,0.311078971902012
8206,"Macrocystis",2017,0.0411813586509462
8206,"Macrocystis",2018,0.0404532010323637
8206,"Macrocystis",2019,0.0397379184993749
8206,"Macrocystis",2020,0.0390352833982072
8206,"Macrocystis",2021,0.0383450721004
8206,"Macrocystis",2022,0.0378576826059604
8206,"Macrocystis",2023,0.0283932619544703
8207,"Macrocystis",2017,15.4652916654142
8207,"Macrocystis",2018,15.1918385711337
8207,"Macrocystis",2019,14.9232206003278
8207,"Macrocystis",2020,14.6593522596541
8207,"Macrocystis",2021,14.4001495674401
8207,"Macrocystis",2022,12.3289555369747
8207,"Macrocystis",2023,10.6628360948528
9102,"Macrocystis",2017,0.644781142711017
9102,"Macrocystis",2018,0.633380297358563
9102,"Macrocystis",2019,0.622181038662636
9102,"Macrocystis",2020,0.611179802222629
9102,"Macrocystis",2021,0.6003730866627
9102,"Macrocystis",2022,30
9102,"Macrocystis",2023,4.73027076680251
9116,"Macrocystis",2017,0.360353788380141
9116,"Macrocystis",2018,0.353982110393066
9116,"Macrocystis",2019,0.34772309468867
9116,"Macrocystis",2020,0.341574749203015
9116,"Macrocystis",2021,0.3355351170953
9116,"Macrocystis",2022,4.99823165057309
9116,"Macrocystis",2023,0.248452694251456
9117,"Macrocystis",2017,0.278385600949224
9117,"Macrocystis",2018,0.2734632622291
9117,"Macrocystis",2019,0.268627958967682
9117,"Macrocystis",2020,0.263878152227585
9117,"Macrocystis",2021,0.2592123302825
9117,"Macrocystis",2022,3.07650078443365
9117,"Macrocystis",2023,0.191938186379442
9118,"Macrocystis",2017,1.43564351059784
9118,"Macrocystis",2018,1.41025885127489
9118,"Macrocystis",2019,1.3853230366158
9118,"Macrocystis",2020,1.36082813027093
9118,"Macrocystis",2021,1.33676633621898
9118,"Macrocystis",2022,4.4169501820373
9118,"Macrocystis",2023,0.989831409282634
10101,"Macrocystis",2017,46.001049000113
10101,"Macrocystis",2018,45.1876709234902
10101,"Macrocystis",2019,44.3886747774953
10101,"Macrocystis",2020,43.6038062647302
10101,"Macrocystis",2021,42.8328155842143
10101,"Macrocystis",2022,48.2471863755172
10101,"Macrocystis",2023,31.7162880785776
10102,"Macrocystis",2017,60.3805900919951
10102,"Macrocystis",2018,59.3129568683645
10102,"Macrocystis",2019,58.2642012459377
10102,"Macrocystis",2020,57.2339894360881
10102,"Macrocystis",2021,56.2219935521494
10102,"Macrocystis",2022,53.4348948889036
10102,"Macrocystis",2023,41.6305330277907
10103,"Macrocystis",2017,8.81730319498947
10103,"Macrocystis",2018,8.66139803044153
10103,"Macrocystis",2019,8.50824953874413
10103,"Macrocystis",2020,8.35780897715533
10103,"Macrocystis",2021,8.21002846478913
10103,"Macrocystis",2022,43.804863380591
10103,"Macrocystis",2023,6.07925545801708
10104,"Macrocystis",2017,2.84897809047579
10104,"Macrocystis",2018,2.79860323229449
10104,"Macrocystis",2019,2.74911908869793
10104,"Macrocystis",2020,2.70050991031231
10104,"Macrocystis",2021,2.65276022623999
10104,"Macrocystis",2022,2.61904200914676
10104,"Macrocystis",2023,1.96428150686007
10106,"Macrocystis",2017,15.8933023320263
10106,"Macrocystis",2018,15.6122812691811
10106,"Macrocystis",2019,15.3362291445786
10106,"Macrocystis",2020,15.0650580988002
10106,"Macrocystis",2021,14.7986818259334
10106,"Macrocystis",2022,14.6105814610513
10106,"Macrocystis",2023,10.9579360957885
10108,"Macrocystis",2017,123.830272193792
10108,"Macrocystis",2018,121.640738893705
10108,"Macrocystis",2019,119.489920327805
10108,"Macrocystis",2020,117.377131952657
10108,"Macrocystis",2021,115.30170132874
10108,"Macrocystis",2022,114.002410562726
10108,"Macrocystis",2023,85.3771092423856
10109,"Macrocystis",2017,0.696149528086362
10109,"Macrocystis",2018,0.683840400870689
10109,"Macrocystis",2019,0.671748920305196
10109,"Macrocystis",2020,0.659871238020821
10109,"Macrocystis",2021,0.648203573694323
10109,"Macrocystis",2022,5.11996957730243
10109,"Macrocystis",2023,0.479973380139627
10201,"Macrocystis",2017,100.359489091091
10201,"Macrocystis",2018,98.5849598144313
10201,"Macrocystis",2019,96.8418072833313
10201,"Macrocystis",2020,95.129476702683
10201,"Macrocystis",2021,93.4474230871149
10201,"Macrocystis",2022,12
10201,"Macrocystis",2023,70.9090222826645
10202,"Macrocystis",2017,109.449678776585
10202,"Macrocystis",2018,107.514419230437
10202,"Macrocystis",2019,105.613378418897
10202,"Macrocystis",2020,103.745951295577
10202,"Macrocystis",2021,101.911543512354
10202,"Macrocystis",2022,12
10202,"Macrocystis",2023,77.1764244619786
10203,"Macrocystis",2017,14.7988878860354
10203,"Macrocystis",2018,14.5372179627066
10203,"Macrocystis",2019,14.2801748160183
10203,"Macrocystis",2020,14.0276766365602
10203,"Macrocystis",2021,13.779643061454
10203,"Macrocystis",2022,231
10203,"Macrocystis",2023,43.2033714803964
10204,"Macrocystis",2017,29.2118392590179
10204,"Macrocystis",2018,28.6953234371492
10204,"Macrocystis",2019,28.1879405080051
10204,"Macrocystis",2020,27.6895289862526
10204,"Macrocystis",2021,27.1999302418984
10204,"Macrocystis",2022,26.8542023680616
10204,"Macrocystis",2023,20.1406517760462
10205,"Macrocystis",2017,16.6755603082158
10205,"Macrocystis",2018,16.3807075719212
10205,"Macrocystis",2019,16.0910683417694
10205,"Macrocystis",2020,15.8065504339581
10205,"Macrocystis",2021,15.5270632946544
10205,"Macrocystis",2022,714
10205,"Macrocystis",2023,113.49727856436
10206,"Macrocystis",2017,28.3267381991035
10206,"Macrocystis",2018,27.8258724942078
10206,"Macrocystis",2019,27.3338629609114
10206,"Macrocystis",2020,26.8505530067892
10206,"Macrocystis",2021,26.3757888082408
10206,"Macrocystis",2022,31.3204596684494
10206,"Macrocystis",2023,19.5304022098932
10207,"Macrocystis",2017,538.352714453809
10207,"Macrocystis",2018,528.83370771494
10207,"Macrocystis",2019,519.483013472436
10207,"Macrocystis",2020,510.297655670369
10207,"Macrocystis",2021,501.274710874626
10207,"Macrocystis",2022,39
10207,"Macrocystis",2023,376.74882888374
10208,"Macrocystis",2017,753.489842334846
10208,"Macrocystis",2018,740.166839228729
10208,"Macrocystis",2019,727.079409851404
10208,"Macrocystis",2020,714.223388852066
10208,"Macrocystis",2021,701.594684530517
10208,"Macrocystis",2022,3
10208,"Macrocystis",2023,519.936309256795
10209,"Macrocystis",2017,65.4451308312392
10209,"Macrocystis",2018,64.2879477713548
10209,"Macrocystis",2019,63.1512257086
10209,"Macrocystis",2020,62.0346028571709
10209,"Macrocystis",2021,60.9377238282622
10209,"Macrocystis",2022,12
10209,"Macrocystis",2023,46.8366615709467
10210,"Macrocystis",2017,206.241803564153
10210,"Macrocystis",2018,202.595091909777
10210,"Macrocystis",2019,199.012860422178
10210,"Macrocystis",2020,195.493968980528
10210,"Macrocystis",2021,192.037297623309
10210,"Macrocystis",2022,12
10210,"Macrocystis",2023,143.911574642849
10303,"Macrocystis",2017,12.8583312720454
10303,"Macrocystis",2018,12.6309737446419
10303,"Macrocystis",2019,12.4076362913967
10303,"Macrocystis",2020,12.1882478304486
10303,"Macrocystis",2021,11.9727385367865
10303,"Macrocystis",2022,11.8205576524417
10303,"Macrocystis",2023,8.8654182393313
10305,"Macrocystis",2017,5.93242237528333
10305,"Macrocystis",2018,5.827526891241
10305,"Macrocystis",2019,5.72448614070825
10305,"Macrocystis",2020,5.62326732879003
10305,"Macrocystis",2021,5.52383824046172
10305,"Macrocystis",2022,10.3888230165689
10305,"Macrocystis",2023,4.09022013949776
10306,"Macrocystis",2017,19.1736030516035
10306,"Macrocystis",2018,18.8345806007893
10306,"Macrocystis",2019,18.5015526530347
10306,"Macrocystis",2020,18.1744132151618
10306,"Macrocystis",2021,17.8530581681353
10306,"Macrocystis",2022,33.822401255302
10306,"Macrocystis",2023,13.2196010983892
10401,"Macrocystis",2017,327.099044224627
10401,"Macrocystis",2018,321.315367607689
10401,"Macrocystis",2019,315.633956392622
10401,"Macrocystis",2020,310.053002350316
10401,"Macrocystis",2021,304.570729224279
10401,"Macrocystis",2022,234
10401,"Macrocystis",2023,258.953157114219
10403,"Macrocystis",2017,38.8692132907835
10403,"Macrocystis",2018,38.1819383995909
10403,"Macrocystis",2019,37.5068157166905
10403,"Macrocystis",2020,36.8436303700299
10403,"Macrocystis",2021,36.1921712868663
10403,"Macrocystis",2022,42
10403,"Macrocystis",2023,32.7991098662801
11201,"Macrocystis",2017,2256.07447836443
11201,"Macrocystis",2018,2216.18318110455
11201,"Macrocystis",2019,2176.99723094749
11201,"Macrocystis",2020,2138.50415613702
11201,"Macrocystis",2021,2100.69170543912
11201,"Macrocystis",2022,1782
11201,"Macrocystis",2023,1810.0643931418
11202,"Macrocystis",2017,1852.43720561109
11202,"Macrocystis",2018,1819.68291317395
11202,"Macrocystis",2019,1787.50777325536
11202,"Macrocystis",2020,1755.90154543748
11202,"Macrocystis",2021,1724.85417037081
11202,"Macrocystis",2022,90
11202,"Macrocystis",2023,1290.05480112124
11203,"Macrocystis",2017,352.179057483634
11203,"Macrocystis",2018,345.951922871939
11203,"Macrocystis",2019,339.834894766148
11203,"Macrocystis",2020,333.826026292876
11203,"Macrocystis",2021,327.923405002826
11203,"Macrocystis",2022,159
11203,"Macrocystis",2023,265.530758059632
11303,"Macrocystis",2017,1464.72385214015
11303,"Macrocystis",2018,1438.82500210231
11303,"Macrocystis",2019,1413.38408850914
11303,"Macrocystis",2020,1388.39301425259
11303,"Macrocystis",2021,1363.84382539548
11303,"Macrocystis",2022,873
11303,"Macrocystis",2023,1134.59568319995
12101,"Macrocystis",2017,8677.74849128814
12101,"Macrocystis",2018,8524.31089517499
12101,"Macrocystis",2019,8373.58634103634
12101,"Macrocystis",2020,8225.52685759955
12101,"Macrocystis",2021,8080.08532180702
12101,"Macrocystis",2022,26967.04210725
12101,"Macrocystis",2023,5983.03684384372
12102,"Macrocystis",2017,38.1954091847778
12102,"Macrocystis",2018,37.5200483151059
12102,"Macrocystis",2019,36.8566289932278
12102,"Macrocystis",2020,36.204940071933
12102,"Macrocystis",2021,35.5647741374587
12102,"Macrocystis",2022,61.3823348085719
12102,"Macrocystis",2023,26.3345429575005
12103,"Macrocystis",2017,639.751343061557
12103,"Macrocystis",2018,628.439433262826
12103,"Macrocystis",2019,617.327537586273
12103,"Macrocystis",2020,606.412119436418
12103,"Macrocystis",2021,595.689704750901
12103,"Macrocystis",2022,5004.95838989355
12103,"Macrocystis",2023,441.088591156854
12104,"Macrocystis",2017,210.679380559439
12104,"Macrocystis",2018,206.954204871747
12104,"Macrocystis",2019,203.294896730597
12104,"Macrocystis",2020,199.700291483887
12104,"Macrocystis",2021,196.16924507258
12104,"Macrocystis",2022,218.293554076449
12104,"Macrocystis",2023,145.256859816893
12201,"Macrocystis",2017,18669.5445487792
12201,"Macrocystis",2018,18339.4347237516
12201,"Macrocystis",2019,18015.1618111509
12201,"Macrocystis",2020,17696.622604274
12201,"Macrocystis",2021,17383.7157212908
12201,"Macrocystis",2022,27356.6496994688
12201,"Macrocystis",2023,12872.0684870352
12301,"Macrocystis",2017,332.486685478436
12301,"Macrocystis",2018,326.607746049544
12301,"Macrocystis",2019,320.832756433737
12301,"Macrocystis",2020,315.159878618602
12301,"Macrocystis",2021,309.587307090964
12301,"Macrocystis",2022,201
12301,"Macrocystis",2023,257.953481953041
12302,"Macrocystis",2017,158.768796462022
12302,"Macrocystis",2018,155.961489648352
12302,"Macrocystis",2019,153.203820872644
12302,"Macrocystis",2020,150.49491244857
12302,"Macrocystis",2021,147.833902208811
12302,"Macrocystis",2022,18
12302,"Macrocystis",2023,112.037560234343
12303,"Macrocystis",2017,1059.54105689427
12303,"Macrocystis",2018,1040.80653918887
12303,"Macrocystis",2019,1022.40328014624
12303,"Macrocystis",2020,1004.32542254051
12303,"Macrocystis",2021,986.567212711702
12303,"Macrocystis",2022,135
12303,"Macrocystis",2023,749.806215925942
12401,"Macrocystis",2017,12726.2183620901
12401,"Macrocystis",2018,12501.1968193419
12401,"Macrocystis",2019,12280.1540465048
12401,"Macrocystis",2020,12063.019692048
12401,"Macrocystis",2021,11849.7246483772
12401,"Macrocystis",2022,906
12401,"Macrocystis",2023,8903.75908119457
12402,"Macrocystis",2017,8.47282119008835
12402,"Macrocystis",2018,8.32300706295516
12402,"Macrocystis",2019,8.17584190860035
12402,"Macrocystis",2020,8.03127888860545
12402,"Macrocystis",2021,7.8892719927362
12402,"Macrocystis",2022,346.390566700896
12402,"Macrocystis",2023,5.84174586328364
14101,"Macrocystis",2017,14.4229077301676
14101,"Macrocystis",2018,14.1678857860192
14101,"Macrocystis",2019,13.9173730707458
14101,"Macrocystis",2020,13.6712898533849
14101,"Macrocystis",2021,13.4295578127553
14101,"Macrocystis",2022,19.0790227351956
14101,"Macrocystis",2023,9.94414489329611
14102,"Macrocystis",2017,51.6367287869359
14102,"Macrocystis",2018,50.723702148267
14102,"Macrocystis",2019,49.8268193990835
14102,"Macrocystis",2020,48.9457950875084
14102,"Macrocystis",2021,48.0803488089473
14102,"Macrocystis",2022,67.4021868131824
14102,"Macrocystis",2023,35.6019134615346
14106,"Macrocystis",2017,8.02099120712356
14106,"Macrocystis",2018,7.87916621524908
14106,"Macrocystis",2019,7.73984893442935
14106,"Macrocystis",2020,7.6029950239974
14106,"Macrocystis",2021,7.46856092730589
14106,"Macrocystis",2022,9
14106,"Macrocystis",2023,6.81593747258647
14201,"Macrocystis",2017,12.1901969458942
14201,"Macrocystis",2018,11.9746531885012
14201,"Macrocystis",2019,11.7629206173882
14201,"Macrocystis",2020,11.5549318441927
14201,"Macrocystis",2021,11.350620672095
14201,"Macrocystis",2022,17.8911548192769
14201,"Macrocystis",2023,8.40476046686733
15101,"Macrocystis",2017,1.46048515062996
15101,"Macrocystis",2018,1.43466124816302
15101,"Macrocystis",2019,1.40929395693814
15101,"Macrocystis",2020,1.38437520327911
15101,"Macrocystis",2021,1.35989705626632
15101,"Macrocystis",2022,6
15101,"Macrocystis",2023,1.86410180218236
15102,"Macrocystis",2017,0.418005619293441
15102,"Macrocystis",2018,0.410614557262713
15102,"Macrocystis",2019,0.403354181986948
15102,"Macrocystis",2020,0.396222182698377
15102,"Macrocystis",2021,0.3892162894876
15102,"Macrocystis",2022,0.384269110615063
15102,"Macrocystis",2023,0.288201832961297
16202,"Macrocystis",2017,3.94476773437932
16202,"Macrocystis",2018,3.87501742080484
16202,"Macrocystis",2019,3.80650041336428
16202,"Macrocystis",2020,3.73919490507297
16202,"Macrocystis",2021,3.6730794745314
16202,"Macrocystis",2022,7.82262203235148
16202,"Macrocystis",2023,2.71979427830754
16203,"Macrocystis",2017,0.466651277572226
16203,"Macrocystis",2018,0.458400076200615
16203,"Macrocystis",2019,0.450294770334592
16203,"Macrocystis",2020,0.442332780289383
16203,"Macrocystis",2021,0.4345115719935
16203,"Macrocystis",2022,0.510561710431072
16203,"Macrocystis",2023,0.321741496627188
16207,"Macrocystis",2017,0.128420603872069
16207,"Macrocystis",2018,0.126149905571777
16207,"Macrocystis",2019,0.123919357143199
16207,"Macrocystis",2020,0.12172824866719
16207,"Macrocystis",2021,0.1195758827772
16207,"Macrocystis",2022,0.529762285392887
16207,"Macrocystis",2023,0.0885419997187764
1101,"Marismas y humedales",2024,2
1404,"Marismas y humedales",2024,1
2101,"Marismas y humedales",2024,54
2102,"Marismas y humedales",2024,121.428571428571
2104,"Marismas y humedales",2024,57
2301,"Marismas y humedales",2024,5
3101,"Marismas y humedales",2024,39
3102,"Marismas y humedales",2024,99
3201,"Marismas y humedales",2024,103.510204081633
3303,"Marismas y humedales",2024,11
3304,"Marismas y humedales",2024,88
4101,"Marismas y humedales",2024,45
4102,"Marismas y humedales",2024,107
4104,"Marismas y humedales",2024,1
4202,"Marismas y humedales",2024,125
4203,"Marismas y humedales",2024,81
4301,"Marismas y humedales",2024,63
5101,"Marismas y humedales",2024,8
5102,"Marismas y humedales",2024,7
5103,"Marismas y humedales",2024,12
5105,"Marismas y humedales",2024,12
5107,"Marismas y humedales",2024,51
5109,"Marismas y humedales",2024,298.285714285714
5401,"Marismas y humedales",2024,27
5403,"Marismas y humedales",2024,24
5405,"Marismas y humedales",2024,5
5601,"Marismas y humedales",2024,16
5602,"Marismas y humedales",2024,29
5603,"Marismas y humedales",2024,1
5604,"Marismas y humedales",2024,6
5605,"Marismas y humedales",2024,20
5606,"Marismas y humedales",2024,148
6201,"Marismas y humedales",2024,43
6203,"Marismas y humedales",2024,15
6205,"Marismas y humedales",2024,23
6206,"Marismas y humedales",2024,14
7102,"Marismas y humedales",2024,340
7103,"Marismas y humedales",2024,30
7202,"Marismas y humedales",2024,48
7203,"Marismas y humedales",2024,91
7303,"Marismas y humedales",2024,24
7309,"Marismas y humedales",2024,1
8102,"Marismas y humedales",2024,9
8106,"Marismas y humedales",2024,92
8107,"Marismas y humedales",2024,95
8108,"Marismas y humedales",2024,97.1428571428571
8110,"Marismas y humedales",2024,361
8111,"Marismas y humedales",2024,12
8112,"Marismas y humedales",2024,121
8201,"Marismas y humedales",2024,113
8202,"Marismas y humedales",2024,276
8203,"Marismas y humedales",2024,119
8206,"Marismas y humedales",2024,8
8207,"Marismas y humedales",2024,111
9102,"Marismas y humedales",2024,151
9116,"Marismas y humedales",2024,80
9117,"Marismas y humedales",2024,154
9118,"Marismas y humedales",2024,25
10101,"Marismas y humedales",2024,652
10102,"Marismas y humedales",2024,258
10103,"Marismas y humedales",2024,18
10104,"Marismas y humedales",2024,125
10106,"Marismas y humedales",2024,119
10108,"Marismas y humedales",2024,517
10109,"Marismas y humedales",2024,23
10201,"Marismas y humedales",2024,46
10202,"Marismas y humedales",2024,101
10203,"Marismas y humedales",2024,39
10204,"Marismas y humedales",2024,2
10205,"Marismas y humedales",2024,7
10206,"Marismas y humedales",2024,55.6190476190476
10207,"Marismas y humedales",2024,219
10208,"Marismas y humedales",2024,244
10209,"Marismas y humedales",2024,138
10210,"Marismas y humedales",2024,85
10303,"Marismas y humedales",2024,47
10305,"Marismas y humedales",2024,84
10306,"Marismas y humedales",2024,163
10401,"Marismas y humedales",2024,1097
10403,"Marismas y humedales",2024,446
11201,"Marismas y humedales",2024,3952
11202,"Marismas y humedales",2024,377
11203,"Marismas y humedales",2024,7
11303,"Marismas y humedales",2024,5076
12101,"Marismas y humedales",2024,7243
12102,"Marismas y humedales",2024,12
12103,"Marismas y humedales",2024,1156
12104,"Marismas y humedales",2024,162
12201,"Marismas y humedales",2024,3191
12301,"Marismas y humedales",2024,133
12302,"Marismas y humedales",2024,178
12303,"Marismas y humedales",2024,1005
12401,"Marismas y humedales",2024,9480
12402,"Marismas y humedales",2024,46
14101,"Marismas y humedales",2024,38
14102,"Marismas y humedales",2024,38
14106,"Marismas y humedales",2024,124
14201,"Marismas y humedales",2024,73
15101,"Marismas y humedales",2024,246.530612244898
15102,"Marismas y humedales",2024,14
16202,"Marismas y humedales",2024,68
16203,"Marismas y humedales",2024,49
16207,"Marismas y humedales",2024,30
1101,"Marismas y humedales",2017,1805
1101,"Marismas y humedales",2018,260
1101,"Marismas y humedales",2019,3
1101,"Marismas y humedales",2020,68
1101,"Marismas y humedales",2021,3
1101,"Marismas y humedales",2022,60
1101,"Marismas y humedales",2023,314.142857142857
1404,"Marismas y humedales",2017,11.7
1404,"Marismas y humedales",2018,236
1404,"Marismas y humedales",2019,6.9
1404,"Marismas y humedales",2020,7
1404,"Marismas y humedales",2021,49.9952380952381
1404,"Marismas y humedales",2022,49.9952380952381
1404,"Marismas y humedales",2023,37.3714285714286
2101,"Marismas y humedales",2017,3167
2101,"Marismas y humedales",2018,897
2101,"Marismas y humedales",2019,12
2101,"Marismas y humedales",2020,198
2101,"Marismas y humedales",2021,11
2101,"Marismas y humedales",2022,707.30612244898
2101,"Marismas y humedales",2023,612.142857142857
2102,"Marismas y humedales",2017,213
2102,"Marismas y humedales",2018,134
2102,"Marismas y humedales",2019,121.428571428571
2102,"Marismas y humedales",2020,121.428571428571
2102,"Marismas y humedales",2021,121.428571428571
2102,"Marismas y humedales",2022,78
2102,"Marismas y humedales",2023,60.7142857142857
2104,"Marismas y humedales",2017,270
2104,"Marismas y humedales",2018,1784
2104,"Marismas y humedales",2019,640
2104,"Marismas y humedales",2020,473
2104,"Marismas y humedales",2021,2186
2104,"Marismas y humedales",2022,162
2104,"Marismas y humedales",2023,787.857142857143
2301,"Marismas y humedales",2017,370
2301,"Marismas y humedales",2018,290
2301,"Marismas y humedales",2019,120.387755102041
2301,"Marismas y humedales",2020,62
2301,"Marismas y humedales",2021,2
2301,"Marismas y humedales",2022,9
2301,"Marismas y humedales",2023,104.714285714286
3101,"Marismas y humedales",2017,1
3101,"Marismas y humedales",2018,70.5
3101,"Marismas y humedales",2019,3
3101,"Marismas y humedales",2020,70.5
3101,"Marismas y humedales",2021,2
3101,"Marismas y humedales",2022,330
3101,"Marismas y humedales",2023,48
3102,"Marismas y humedales",2017,750
3102,"Marismas y humedales",2018,740
3102,"Marismas y humedales",2019,7
3102,"Marismas y humedales",2020,60
3102,"Marismas y humedales",2021,67
3102,"Marismas y humedales",2022,279.285714285714
3102,"Marismas y humedales",2023,232
3201,"Marismas y humedales",2017,103
3201,"Marismas y humedales",2018,470
3201,"Marismas y humedales",2019,4
3201,"Marismas y humedales",2020,37
3201,"Marismas y humedales",2021,5
3201,"Marismas y humedales",2022,15
3201,"Marismas y humedales",2023,90.5714285714286
3303,"Marismas y humedales",2017,570
3303,"Marismas y humedales",2018,474
3303,"Marismas y humedales",2019,42
3303,"Marismas y humedales",2020,33
3303,"Marismas y humedales",2021,72
3303,"Marismas y humedales",2022,196.020408163265
3303,"Marismas y humedales",2023,170.142857142857
3304,"Marismas y humedales",2017,1770
3304,"Marismas y humedales",2018,343
3304,"Marismas y humedales",2019,50
3304,"Marismas y humedales",2020,309
3304,"Marismas y humedales",2021,197
3304,"Marismas y humedales",2022,448.326530612245
3304,"Marismas y humedales",2023,381.285714285714
4101,"Marismas y humedales",2017,3813
4101,"Marismas y humedales",2018,3810
4101,"Marismas y humedales",2019,1617
4101,"Marismas y humedales",2020,2240
4101,"Marismas y humedales",2021,954
4101,"Marismas y humedales",2022,24
4101,"Marismas y humedales",2023,1779.71428571429
4102,"Marismas y humedales",2017,7549
4102,"Marismas y humedales",2018,7550
4102,"Marismas y humedales",2019,1341
4102,"Marismas y humedales",2020,5413
4102,"Marismas y humedales",2021,1156
4102,"Marismas y humedales",2022,15
4102,"Marismas y humedales",2023,3289.14285714286
4104,"Marismas y humedales",2017,80
4104,"Marismas y humedales",2018,290
4104,"Marismas y humedales",2019,699
4104,"Marismas y humedales",2020,63
4104,"Marismas y humedales",2021,360
4104,"Marismas y humedales",2022,12
4104,"Marismas y humedales",2023,214.857142857143
4202,"Marismas y humedales",2017,8195
4202,"Marismas y humedales",2018,8190
4202,"Marismas y humedales",2019,6678
4202,"Marismas y humedales",2020,7654
4202,"Marismas y humedales",2021,5770
4202,"Marismas y humedales",2022,5974.91836734694
4202,"Marismas y humedales",2023,5212.42857142857
4203,"Marismas y humedales",2017,6000
4203,"Marismas y humedales",2018,6100
4203,"Marismas y humedales",2019,6470
4203,"Marismas y humedales",2020,6467
4203,"Marismas y humedales",2021,6398
4203,"Marismas y humedales",2022,5143.81632653061
4203,"Marismas y humedales",2023,4490.71428571429
4301,"Marismas y humedales",2017,15120
4301,"Marismas y humedales",2018,15120
4301,"Marismas y humedales",2019,8310
4301,"Marismas y humedales",2020,6817
4301,"Marismas y humedales",2021,3412
4301,"Marismas y humedales",2022,7972.91836734694
4301,"Marismas y humedales",2023,6968.42857142857
5101,"Marismas y humedales",2017,580
5101,"Marismas y humedales",2018,570
5101,"Marismas y humedales",2019,718
5101,"Marismas y humedales",2020,718
5101,"Marismas y humedales",2021,1096
5101,"Marismas y humedales",2022,27
5101,"Marismas y humedales",2023,529.857142857143
5102,"Marismas y humedales",2017,760
5102,"Marismas y humedales",2018,760
5102,"Marismas y humedales",2019,760
5102,"Marismas y humedales",2020,923
5102,"Marismas y humedales",2021,977.333333333333
5102,"Marismas y humedales",2022,30
5102,"Marismas y humedales",2023,601.47619047619
5103,"Marismas y humedales",2017,73
5103,"Marismas y humedales",2018,73
5103,"Marismas y humedales",2019,68
5103,"Marismas y humedales",2020,81
5103,"Marismas y humedales",2021,45
5103,"Marismas y humedales",2022,240
5103,"Marismas y humedales",2023,82.8571428571429
5104,"Marismas y humedales",2024,9.9
5201,"Marismas y humedales",2024,42.66
5105,"Marismas y humedales",2017,766
5105,"Marismas y humedales",2018,770
5105,"Marismas y humedales",2019,963
5105,"Marismas y humedales",2020,1102
5105,"Marismas y humedales",2021,1160
5105,"Marismas y humedales",2022,779.020408163265
5105,"Marismas y humedales",2023,680.142857142857
5107,"Marismas y humedales",2017,740
5107,"Marismas y humedales",2018,740
5107,"Marismas y humedales",2019,805
5107,"Marismas y humedales",2020,977
5107,"Marismas y humedales",2021,834
5107,"Marismas y humedales",2022,39
5107,"Marismas y humedales",2023,590.714285714286
5109,"Marismas y humedales",2017,779
5109,"Marismas y humedales",2018,447
5109,"Marismas y humedales",2019,115
5109,"Marismas y humedales",2020,115
5109,"Marismas y humedales",2021,110
5109,"Marismas y humedales",2022,298.285714285714
5109,"Marismas y humedales",2023,223.714285714286
5104,"Marismas y humedales",2017,19.1411428571429
5104,"Marismas y humedales",2018,19.1411428571429
5104,"Marismas y humedales",2019,19.1411428571429
5104,"Marismas y humedales",2020,16.29
5104,"Marismas y humedales",2021,16.29
5104,"Marismas y humedales",2022,33.5
5104,"Marismas y humedales",2023,19.7257142857143
5201,"Marismas y humedales",2017,42.7591428571429
5201,"Marismas y humedales",2018,42.7591428571429
5201,"Marismas y humedales",2019,42.7591428571429
5201,"Marismas y humedales",2020,34.2
5201,"Marismas y humedales",2021,34.2
5201,"Marismas y humedales",2022,67.75
5201,"Marismas y humedales",2023,34.9857142857143
5401,"Marismas y humedales",2017,11.2857142857143
5401,"Marismas y humedales",2018,11.2857142857143
5401,"Marismas y humedales",2019,11.2857142857143
5401,"Marismas y humedales",2020,11.2857142857143
5401,"Marismas y humedales",2021,11.2857142857143
5401,"Marismas y humedales",2022,6
5401,"Marismas y humedales",2023,0.857142857142857
5403,"Marismas y humedales",2017,1145
5403,"Marismas y humedales",2018,1150
5403,"Marismas y humedales",2019,1788
5403,"Marismas y humedales",2020,1500
5403,"Marismas y humedales",2021,1770
5403,"Marismas y humedales",2022,1203.91836734694
5403,"Marismas y humedales",2023,1050.42857142857
5405,"Marismas y humedales",2017,450
5405,"Marismas y humedales",2018,445
5405,"Marismas y humedales",2019,620
5405,"Marismas y humedales",2020,740
5405,"Marismas y humedales",2021,870
5405,"Marismas y humedales",2022,510.918367346939
5405,"Marismas y humedales",2023,446.428571428571
5601,"Marismas y humedales",2017,59.0476190476191
5601,"Marismas y humedales",2018,38
5601,"Marismas y humedales",2019,76
5601,"Marismas y humedales",2020,91
5601,"Marismas y humedales",2021,91
5601,"Marismas y humedales",2022,59.0476190476191
5601,"Marismas y humedales",2023,42.2857142857143
5602,"Marismas y humedales",2017,508
5602,"Marismas y humedales",2018,508
5602,"Marismas y humedales",2019,525
5602,"Marismas y humedales",2020,530
5602,"Marismas y humedales",2021,530
5602,"Marismas y humedales",2022,12
5602,"Marismas y humedales",2023,373.285714285714
5603,"Marismas y humedales",2017,80
5603,"Marismas y humedales",2018,81
5603,"Marismas y humedales",2019,800
5603,"Marismas y humedales",2020,74
5603,"Marismas y humedales",2021,61
5603,"Marismas y humedales",2022,3
5603,"Marismas y humedales",2023,157
5604,"Marismas y humedales",2017,190
5604,"Marismas y humedales",2018,190
5604,"Marismas y humedales",2019,169
5604,"Marismas y humedales",2020,263
5604,"Marismas y humedales",2021,132
5604,"Marismas y humedales",2022,154.979591836735
5604,"Marismas y humedales",2023,134.857142857143
5605,"Marismas y humedales",2017,260
5605,"Marismas y humedales",2018,932
5605,"Marismas y humedales",2019,70
5605,"Marismas y humedales",2020,264
5605,"Marismas y humedales",2021,47
5605,"Marismas y humedales",2022,54
5605,"Marismas y humedales",2023,232.428571428571
5606,"Marismas y humedales",2017,1353
5606,"Marismas y humedales",2018,1350
5606,"Marismas y humedales",2019,1756
5606,"Marismas y humedales",2020,1756
5606,"Marismas y humedales",2021,1756
5606,"Marismas y humedales",2022,1322.5306122449
5606,"Marismas y humedales",2023,1138.71428571429
6201,"Marismas y humedales",2017,1120
6201,"Marismas y humedales",2018,1152
6201,"Marismas y humedales",2019,1294
6201,"Marismas y humedales",2020,1071
6201,"Marismas y humedales",2021,1091.33333333333
6201,"Marismas y humedales",2022,84
6201,"Marismas y humedales",2023,830.333333333333
6203,"Marismas y humedales",2017,610
6203,"Marismas y humedales",2018,610
6203,"Marismas y humedales",2019,622
6203,"Marismas y humedales",2020,512
6203,"Marismas y humedales",2021,518
6203,"Marismas y humedales",2022,18
6203,"Marismas y humedales",2023,412.857142857143
6205,"Marismas y humedales",2017,930
6205,"Marismas y humedales",2018,930
6205,"Marismas y humedales",2019,1019.5
6205,"Marismas y humedales",2020,1109
6205,"Marismas y humedales",2021,860
6205,"Marismas y humedales",2022,54
6205,"Marismas y humedales",2023,700.357142857143
6206,"Marismas y humedales",2017,418
6206,"Marismas y humedales",2018,179
6206,"Marismas y humedales",2019,192
6206,"Marismas y humedales",2020,196
6206,"Marismas y humedales",2021,200
6206,"Marismas y humedales",2022,6
6206,"Marismas y humedales",2023,170.142857142857
7102,"Marismas y humedales",2017,1300
7102,"Marismas y humedales",2018,1207
7102,"Marismas y humedales",2019,1326
7102,"Marismas y humedales",2020,1628
7102,"Marismas y humedales",2021,1930
7102,"Marismas y humedales",2022,3
7102,"Marismas y humedales",2023,1056.28571428571
7103,"Marismas y humedales",2017,291
7103,"Marismas y humedales",2018,113
7103,"Marismas y humedales",2019,50
7103,"Marismas y humedales",2020,82
7103,"Marismas y humedales",2021,50.6666666666667
7103,"Marismas y humedales",2022,3
7103,"Marismas y humedales",2023,84.2380952380952
7202,"Marismas y humedales",2017,88
7202,"Marismas y humedales",2018,757
7202,"Marismas y humedales",2019,778
7202,"Marismas y humedales",2020,880
7202,"Marismas y humedales",2021,1225
7202,"Marismas y humedales",2022,3
7202,"Marismas y humedales",2023,533
7203,"Marismas y humedales",2017,409
7203,"Marismas y humedales",2018,418
7203,"Marismas y humedales",2019,427
7203,"Marismas y humedales",2020,996
7203,"Marismas y humedales",2021,409
7203,"Marismas y humedales",2022,3
7203,"Marismas y humedales",2023,380.285714285714
7303,"Marismas y humedales",2017,379
7303,"Marismas y humedales",2018,283
7303,"Marismas y humedales",2019,340
7303,"Marismas y humedales",2020,314
7303,"Marismas y humedales",2021,294.5
7303,"Marismas y humedales",2022,36
7303,"Marismas y humedales",2023,235.214285714286
7309,"Marismas y humedales",2017,990
7309,"Marismas y humedales",2018,937
7309,"Marismas y humedales",2019,899
7309,"Marismas y humedales",2020,958
7309,"Marismas y humedales",2021,958
7309,"Marismas y humedales",2022,18
7309,"Marismas y humedales",2023,680
8102,"Marismas y humedales",2017,350
8102,"Marismas y humedales",2018,1756
8102,"Marismas y humedales",2019,265
8102,"Marismas y humedales",2020,705.333333333333
8102,"Marismas y humedales",2021,662.833333333333
8102,"Marismas y humedales",2022,611.761904761905
8102,"Marismas y humedales",2023,534.166666666667
8106,"Marismas y humedales",2017,67
8106,"Marismas y humedales",2018,67
8106,"Marismas y humedales",2019,55
8106,"Marismas y humedales",2020,52
8106,"Marismas y humedales",2021,46
8106,"Marismas y humedales",2022,15
8106,"Marismas y humedales",2023,43.1428571428572
8107,"Marismas y humedales",2017,7
8107,"Marismas y humedales",2018,7
8107,"Marismas y humedales",2019,16
8107,"Marismas y humedales",2020,13
8107,"Marismas y humedales",2021,18
8107,"Marismas y humedales",2022,84
8107,"Marismas y humedales",2023,20.7142857142857
8108,"Marismas y humedales",2017,225
8108,"Marismas y humedales",2018,67
8108,"Marismas y humedales",2019,72
8108,"Marismas y humedales",2020,73
8108,"Marismas y humedales",2021,73
8108,"Marismas y humedales",2022,97.1428571428571
8108,"Marismas y humedales",2023,72.8571428571428
8110,"Marismas y humedales",2017,365
8110,"Marismas y humedales",2018,75
8110,"Marismas y humedales",2019,100
8110,"Marismas y humedales",2020,71
8110,"Marismas y humedales",2021,71
8110,"Marismas y humedales",2022,162.918367346939
8110,"Marismas y humedales",2023,97.4285714285714
8111,"Marismas y humedales",2017,140
8111,"Marismas y humedales",2018,140
8111,"Marismas y humedales",2019,201
8111,"Marismas y humedales",2020,176
8111,"Marismas y humedales",2021,176
8111,"Marismas y humedales",2022,669
8111,"Marismas y humedales",2023,214.571428571429
8112,"Marismas y humedales",2017,232
8112,"Marismas y humedales",2018,128
8112,"Marismas y humedales",2019,140
8112,"Marismas y humedales",2020,139
8112,"Marismas y humedales",2021,138
8112,"Marismas y humedales",2022,15
8112,"Marismas y humedales",2023,113.142857142857
8201,"Marismas y humedales",2017,370
8201,"Marismas y humedales",2018,370
8201,"Marismas y humedales",2019,530
8201,"Marismas y humedales",2020,1047
8201,"Marismas y humedales",2021,1127
8201,"Marismas y humedales",2022,578.428571428571
8201,"Marismas y humedales",2023,492
8202,"Marismas y humedales",2017,1160
8202,"Marismas y humedales",2018,780
8202,"Marismas y humedales",2019,900
8202,"Marismas y humedales",2020,700
8202,"Marismas y humedales",2021,930
8202,"Marismas y humedales",2022,21
8202,"Marismas y humedales",2023,641.571428571429
8203,"Marismas y humedales",2017,670
8203,"Marismas y humedales",2018,370
8203,"Marismas y humedales",2019,490
8203,"Marismas y humedales",2020,602
8203,"Marismas y humedales",2021,512
8203,"Marismas y humedales",2022,3
8203,"Marismas y humedales",2023,378.142857142857
8206,"Marismas y humedales",2017,185
8206,"Marismas y humedales",2018,60
8206,"Marismas y humedales",2019,81
8206,"Marismas y humedales",2020,88
8206,"Marismas y humedales",2021,36
8206,"Marismas y humedales",2022,6
8206,"Marismas y humedales",2023,65.1428571428572
8207,"Marismas y humedales",2017,1047
8207,"Marismas y humedales",2018,590
8207,"Marismas y humedales",2019,664
8207,"Marismas y humedales",2020,940
8207,"Marismas y humedales",2021,940
8207,"Marismas y humedales",2022,3
8207,"Marismas y humedales",2023,597.714285714286
9102,"Marismas y humedales",2017,65
9102,"Marismas y humedales",2018,17
9102,"Marismas y humedales",2019,18
9102,"Marismas y humedales",2020,19
9102,"Marismas y humedales",2021,92
9102,"Marismas y humedales",2022,18
9102,"Marismas y humedales",2023,32.7142857142857
9116,"Marismas y humedales",2017,70
9116,"Marismas y humedales",2018,73
9116,"Marismas y humedales",2019,76
9116,"Marismas y humedales",2020,91
9116,"Marismas y humedales",2021,91
9116,"Marismas y humedales",2022,76.8979591836735
9116,"Marismas y humedales",2023,57.2857142857143
9117,"Marismas y humedales",2017,256
9117,"Marismas y humedales",2018,242
9117,"Marismas y humedales",2019,228
9117,"Marismas y humedales",2020,203
9117,"Marismas y humedales",2021,203
9117,"Marismas y humedales",2022,12
9117,"Marismas y humedales",2023,163.428571428571
9118,"Marismas y humedales",2017,94
9118,"Marismas y humedales",2018,85.5
9118,"Marismas y humedales",2019,77
9118,"Marismas y humedales",2020,60
9118,"Marismas y humedales",2021,60
9118,"Marismas y humedales",2022,9
9118,"Marismas y humedales",2023,55.0714285714286
10101,"Marismas y humedales",2017,93
10101,"Marismas y humedales",2018,85
10101,"Marismas y humedales",2019,81
10101,"Marismas y humedales",2020,77
10101,"Marismas y humedales",2021,86
10101,"Marismas y humedales",2022,162.040816326531
10101,"Marismas y humedales",2023,60.2857142857143
10102,"Marismas y humedales",2017,130
10102,"Marismas y humedales",2018,135
10102,"Marismas y humedales",2019,140
10102,"Marismas y humedales",2020,137
10102,"Marismas y humedales",2021,130
10102,"Marismas y humedales",2022,9
10102,"Marismas y humedales",2023,97.2857142857143
10103,"Marismas y humedales",2017,15
10103,"Marismas y humedales",2018,17.5
10103,"Marismas y humedales",2019,20
10103,"Marismas y humedales",2020,20
10103,"Marismas y humedales",2021,15
10103,"Marismas y humedales",2022,16.8571428571429
10103,"Marismas y humedales",2023,12.5
10104,"Marismas y humedales",2017,5
10104,"Marismas y humedales",2018,7.5
10104,"Marismas y humedales",2019,10
10104,"Marismas y humedales",2020,13
10104,"Marismas y humedales",2021,16
10104,"Marismas y humedales",2022,30
10104,"Marismas y humedales",2023,11.6428571428571
10106,"Marismas y humedales",2017,142
10106,"Marismas y humedales",2018,161
10106,"Marismas y humedales",2019,180
10106,"Marismas y humedales",2020,73
10106,"Marismas y humedales",2021,142
10106,"Marismas y humedales",2022,130.959183673469
10106,"Marismas y humedales",2023,99.7142857142857
10108,"Marismas y humedales",2017,90
10108,"Marismas y humedales",2018,324.5
10108,"Marismas y humedales",2019,559
10108,"Marismas y humedales",2020,460
10108,"Marismas y humedales",2021,90
10108,"Marismas y humedales",2022,18
10108,"Marismas y humedales",2023,220.214285714286
10109,"Marismas y humedales",2017,93
10109,"Marismas y humedales",2018,2
10109,"Marismas y humedales",2019,22
10109,"Marismas y humedales",2020,2
10109,"Marismas y humedales",2021,26.5
10109,"Marismas y humedales",2022,26.5
10109,"Marismas y humedales",2023,17
10201,"Marismas y humedales",2017,39
10201,"Marismas y humedales",2018,44.5
10201,"Marismas y humedales",2019,50
10201,"Marismas y humedales",2020,25
10201,"Marismas y humedales",2021,48.1224489795918
10201,"Marismas y humedales",2022,96
10201,"Marismas y humedales",2023,36.3571428571428
10202,"Marismas y humedales",2017,346
10202,"Marismas y humedales",2018,346
10202,"Marismas y humedales",2019,363
10202,"Marismas y humedales",2020,309
10202,"Marismas y humedales",2021,302.333333333333
10202,"Marismas y humedales",2022,27
10202,"Marismas y humedales",2023,241.904761904762
10203,"Marismas y humedales",2017,123
10203,"Marismas y humedales",2018,118.5
10203,"Marismas y humedales",2019,114
10203,"Marismas y humedales",2020,104
10203,"Marismas y humedales",2021,123
10203,"Marismas y humedales",2022,100.673469387755
10203,"Marismas y humedales",2023,83.2142857142857
10204,"Marismas y humedales",2017,6
10204,"Marismas y humedales",2018,8.5
10204,"Marismas y humedales",2019,11
10204,"Marismas y humedales",2020,40
10204,"Marismas y humedales",2021,40
10204,"Marismas y humedales",2022,17.5102040816327
10204,"Marismas y humedales",2023,15.0714285714286
10205,"Marismas y humedales",2017,6
10205,"Marismas y humedales",2018,10
10205,"Marismas y humedales",2019,14
10205,"Marismas y humedales",2020,20
10205,"Marismas y humedales",2021,26
10205,"Marismas y humedales",2022,777
10205,"Marismas y humedales",2023,121.857142857143
10206,"Marismas y humedales",2017,50
10206,"Marismas y humedales",2018,56
10206,"Marismas y humedales",2019,62
10206,"Marismas y humedales",2020,62
10206,"Marismas y humedales",2021,62
10206,"Marismas y humedales",2022,55.6190476190476
10206,"Marismas y humedales",2023,41.7142857142857
10207,"Marismas y humedales",2017,77
10207,"Marismas y humedales",2018,79.5
10207,"Marismas y humedales",2019,82
10207,"Marismas y humedales",2020,82
10207,"Marismas y humedales",2021,82
10207,"Marismas y humedales",2022,97
10207,"Marismas y humedales",2023,57.5
10208,"Marismas y humedales",2017,763
10208,"Marismas y humedales",2018,691.5
10208,"Marismas y humedales",2019,620
10208,"Marismas y humedales",2020,639
10208,"Marismas y humedales",2021,639
10208,"Marismas y humedales",2022,78
10208,"Marismas y humedales",2023,490.071428571429
10209,"Marismas y humedales",2017,151
10209,"Marismas y humedales",2018,177.5
10209,"Marismas y humedales",2019,204
10209,"Marismas y humedales",2020,127
10209,"Marismas y humedales",2021,127
10209,"Marismas y humedales",2022,3
10209,"Marismas y humedales",2023,112.785714285714
10210,"Marismas y humedales",2017,21
10210,"Marismas y humedales",2018,21.5
10210,"Marismas y humedales",2019,22
10210,"Marismas y humedales",2020,20
10210,"Marismas y humedales",2021,20
10210,"Marismas y humedales",2022,29.2040816326531
10210,"Marismas y humedales",2023,14.9285714285714
10303,"Marismas y humedales",2017,3
10303,"Marismas y humedales",2018,16.5
10303,"Marismas y humedales",2019,30
10303,"Marismas y humedales",2020,8
10303,"Marismas y humedales",2021,8
10303,"Marismas y humedales",2022,135
10303,"Marismas y humedales",2023,28.6428571428571
10305,"Marismas y humedales",2017,14
10305,"Marismas y humedales",2018,9.5
10305,"Marismas y humedales",2019,5
10305,"Marismas y humedales",2020,14
10305,"Marismas y humedales",2021,7
10305,"Marismas y humedales",2022,20.0816326530612
10305,"Marismas y humedales",2023,7.07142857142857
10306,"Marismas y humedales",2017,40
10306,"Marismas y humedales",2018,28
10306,"Marismas y humedales",2019,16
10306,"Marismas y humedales",2020,2
10306,"Marismas y humedales",2021,2
10306,"Marismas y humedales",2022,37.6530612244898
10306,"Marismas y humedales",2023,12.5714285714286
10401,"Marismas y humedales",2017,507
10401,"Marismas y humedales",2018,489.5
10401,"Marismas y humedales",2019,472
10401,"Marismas y humedales",2020,507
10401,"Marismas y humedales",2021,507
10401,"Marismas y humedales",2022,6
10401,"Marismas y humedales",2023,355.5
10403,"Marismas y humedales",2017,133
10403,"Marismas y humedales",2018,116.5
10403,"Marismas y humedales",2019,100
10403,"Marismas y humedales",2020,144
10403,"Marismas y humedales",2021,133
10403,"Marismas y humedales",2022,201
10403,"Marismas y humedales",2023,118.214285714286
11201,"Marismas y humedales",2017,47579
11201,"Marismas y humedales",2018,35984
11201,"Marismas y humedales",2019,24389
11201,"Marismas y humedales",2020,47679
11201,"Marismas y humedales",2021,23839.5
11201,"Marismas y humedales",2022,2049
11201,"Marismas y humedales",2023,25931.3571428571
11202,"Marismas y humedales",2017,13290
11202,"Marismas y humedales",2018,10624
11202,"Marismas y humedales",2019,7958
11202,"Marismas y humedales",2020,10770
11202,"Marismas y humedales",2021,13582
11202,"Marismas y humedales",2022,9
11202,"Marismas y humedales",2023,8033.28571428571
11203,"Marismas y humedales",2017,9.19047619047619
11203,"Marismas y humedales",2018,9.19047619047619
11203,"Marismas y humedales",2019,9.19047619047619
11203,"Marismas y humedales",2020,9.19047619047619
11203,"Marismas y humedales",2021,9.19047619047619
11203,"Marismas y humedales",2022,18
11203,"Marismas y humedales",2023,2.57142857142857
11303,"Marismas y humedales",2017,151200
11303,"Marismas y humedales",2018,75600
11303,"Marismas y humedales",2019,92971.5
11303,"Marismas y humedales",2020,110343
11303,"Marismas y humedales",2021,110343
11303,"Marismas y humedales",2022,1929
11303,"Marismas y humedales",2023,77483.7857142857
12101,"Marismas y humedales",2017,191064
12101,"Marismas y humedales",2018,111727
12101,"Marismas y humedales",2019,101251
12101,"Marismas y humedales",2020,90775
12101,"Marismas y humedales",2021,90775
12101,"Marismas y humedales",2022,96641.5714285714
12101,"Marismas y humedales",2023,83656
12102,"Marismas y humedales",2017,150
12102,"Marismas y humedales",2018,105
12102,"Marismas y humedales",2019,60
12102,"Marismas y humedales",2020,123
12102,"Marismas y humedales",2021,150
12102,"Marismas y humedales",2022,97.7142857142857
12102,"Marismas y humedales",2023,84
12103,"Marismas y humedales",2017,48774
12103,"Marismas y humedales",2018,33982
12103,"Marismas y humedales",2019,26207
12103,"Marismas y humedales",2020,18432
12103,"Marismas y humedales",2021,18432
12103,"Marismas y humedales",2022,23973.6326530612
12103,"Marismas y humedales",2023,20832.4285714286
12104,"Marismas y humedales",2017,93.6190476190476
12104,"Marismas y humedales",2018,93.6190476190476
12104,"Marismas y humedales",2019,104
12104,"Marismas y humedales",2020,93.6190476190476
12104,"Marismas y humedales",2021,93.6190476190476
12104,"Marismas y humedales",2022,93.6190476190476
12104,"Marismas y humedales",2023,14.8571428571429
12201,"Marismas y humedales",2017,124000
12201,"Marismas y humedales",2018,86710.5
12201,"Marismas y humedales",2019,49421
12201,"Marismas y humedales",2020,110114
12201,"Marismas y humedales",2021,124100
12201,"Marismas y humedales",2022,81165.3265306122
12201,"Marismas y humedales",2023,70620.7857142857
12301,"Marismas y humedales",2017,2702
12301,"Marismas y humedales",2018,2581
12301,"Marismas y humedales",2019,2460
12301,"Marismas y humedales",2020,1230
12301,"Marismas y humedales",2021,2702
12301,"Marismas y humedales",2022,1092
12301,"Marismas y humedales",2023,1823.85714285714
12302,"Marismas y humedales",2017,3160
12302,"Marismas y humedales",2018,1660
12302,"Marismas y humedales",2019,160
12302,"Marismas y humedales",2020,3160
12302,"Marismas y humedales",2021,1580
12302,"Marismas y humedales",2022,27
12302,"Marismas y humedales",2023,1392.42857142857
12303,"Marismas y humedales",2017,16890
12303,"Marismas y humedales",2018,11930
12303,"Marismas y humedales",2019,6970
12303,"Marismas y humedales",2020,12249
12303,"Marismas y humedales",2021,12249
12303,"Marismas y humedales",2022,615
12303,"Marismas y humedales",2023,8700.42857142857
12401,"Marismas y humedales",2017,547950
12401,"Marismas y humedales",2018,482725
12401,"Marismas y humedales",2019,417500
12401,"Marismas y humedales",2020,167950
12401,"Marismas y humedales",2021,548050
12401,"Marismas y humedales",2022,9774
12401,"Marismas y humedales",2023,310564.142857143
12402,"Marismas y humedales",2017,596
12402,"Marismas y humedales",2018,492.5
12402,"Marismas y humedales",2019,389
12402,"Marismas y humedales",2020,123
12402,"Marismas y humedales",2021,123
12402,"Marismas y humedales",2022,287.959183673469
12402,"Marismas y humedales",2023,246.214285714286
14101,"Marismas y humedales",2017,19
14101,"Marismas y humedales",2018,19
14101,"Marismas y humedales",2019,19
14101,"Marismas y humedales",2020,30
14101,"Marismas y humedales",2021,30
14101,"Marismas y humedales",2022,60
14101,"Marismas y humedales",2023,25.2857142857143
14102,"Marismas y humedales",2017,66
14102,"Marismas y humedales",2018,76.5
14102,"Marismas y humedales",2019,87
14102,"Marismas y humedales",2020,89
14102,"Marismas y humedales",2021,91
14102,"Marismas y humedales",2022,72.2857142857143
14102,"Marismas y humedales",2023,58.5
14106,"Marismas y humedales",2017,90
14106,"Marismas y humedales",2018,73.5
14106,"Marismas y humedales",2019,57
14106,"Marismas y humedales",2020,90
14106,"Marismas y humedales",2021,45
14106,"Marismas y humedales",2022,75.7551020408163
14106,"Marismas y humedales",2023,50.7857142857143
14201,"Marismas y humedales",2017,9
14201,"Marismas y humedales",2018,9.5
14201,"Marismas y humedales",2019,10
14201,"Marismas y humedales",2020,11
14201,"Marismas y humedales",2021,9
14201,"Marismas y humedales",2022,18.3469387755102
14201,"Marismas y humedales",2023,6.92857142857143
15101,"Marismas y humedales",2017,1070
15101,"Marismas y humedales",2018,52
15101,"Marismas y humedales",2019,160
15101,"Marismas y humedales",2020,55
15101,"Marismas y humedales",2021,110
15101,"Marismas y humedales",2022,63
15101,"Marismas y humedales",2023,215.714285714286
15102,"Marismas y humedales",2017,32
15102,"Marismas y humedales",2018,70
15102,"Marismas y humedales",2019,60
15102,"Marismas y humedales",2020,40
15102,"Marismas y humedales",2021,72
15102,"Marismas y humedales",2022,6
15102,"Marismas y humedales",2023,40
16202,"Marismas y humedales",2017,694
16202,"Marismas y humedales",2018,517
16202,"Marismas y humedales",2019,470
16202,"Marismas y humedales",2020,505
16202,"Marismas y humedales",2021,393
16202,"Marismas y humedales",2022,430.775510204082
16202,"Marismas y humedales",2023,368.428571428571
16203,"Marismas y humedales",2017,106
16203,"Marismas y humedales",2018,58
16203,"Marismas y humedales",2019,47
16203,"Marismas y humedales",2020,47
16203,"Marismas y humedales",2021,17.5
16203,"Marismas y humedales",2022,51.9795918367347
16203,"Marismas y humedales",2023,39.3571428571428
16207,"Marismas y humedales",2017,19
16207,"Marismas y humedales",2018,3
16207,"Marismas y humedales",2019,19
16207,"Marismas y humedales",2020,19
16207,"Marismas y humedales",2021,19
16207,"Marismas y humedales",2022,6
16207,"Marismas y humedales",2023,12.1428571428571
5109,"Pastos marinos",2017,9405.75795914737
5109,"Pastos marinos",2018,9288.72008606298
5109,"Pastos marinos",2019,9173.13854045327
5109,"Pastos marinos",2020,9058.99520092166
5109,"Pastos marinos",2021,8946.27217156
5109,"Pastos marinos",2022,8833.54914219834
5109,"Pastos marinos",2023,8722.24642300665
5109,"Pastos marinos",2024,8612.34611807676
5105,"Pastos marinos",2017,11036.4043310288
5405,"Pastos marinos",2017,7692.41054530424
5105,"Pastos marinos",2018,10899.0759737594
5405,"Pastos marinos",2018,7596.69222329077
5105,"Pastos marinos",2019,10763.4564228318
5405,"Pastos marinos",2019,7502.16494498398
5105,"Pastos marinos",2020,10629.5244152002
5405,"Pastos marinos",2020,7408.81388997035
5105,"Pastos marinos",2021,10497.2589524
5405,"Pastos marinos",2021,7316.62442225
5105,"Pastos marinos",2022,10364.9934895998
5405,"Pastos marinos",2022,7224.43495452965
5105,"Pastos marinos",2023,10234.3945716308
5405,"Pastos marinos",2023,7133.40707410258
5105,"Pastos marinos",2024,10105.4412000283
5405,"Pastos marinos",2024,7043.52614496888
5103,"Pastos marinos",2017,1972.39210162775
5103,"Pastos marinos",2018,1947.8492016865
5103,"Pastos marinos",2019,1923.61169433784
5102,"Pastos marinos",2017,6537.44307673084
5103,"Pastos marinos",2020,1899.67577951594
5102,"Pastos marinos",2018,6456.09626380687
5103,"Pastos marinos",2021,1876.03770444
5102,"Pastos marinos",2019,6375.76166680513
5103,"Pastos marinos",2022,1852.39962936406
5102,"Pastos marinos",2020,6296.42669050477
5103,"Pastos marinos",2023,1829.05939403407
5107,"Pastos marinos",2017,7749.87867760968
5102,"Pastos marinos",2021,6218.07889641
5103,"Pastos marinos",2024,1806.01324566924
5107,"Pastos marinos",2018,7653.44526724242
5102,"Pastos marinos",2022,6139.73110231523
5107,"Pastos marinos",2019,7558.21179858031
5102,"Pastos marinos",2023,6062.37049042606
5107,"Pastos marinos",2020,7464.16334049014
5102,"Pastos marinos",2024,5985.98462224669
5107,"Pastos marinos",2021,7371.28514763
5107,"Pastos marinos",2022,7278.40695476986
5107,"Pastos marinos",2023,7186.69902713976
5107,"Pastos marinos",2024,7096.1466193978
5101,"Pastos marinos",2017,7393.23551480456
5101,"Pastos marinos",2018,7301.2398921633
5101,"Pastos marinos",2019,7210.38899087823
5101,"Pastos marinos",2020,7120.66856693486
5403,"Pastos marinos",2017,4098.71242291777
5101,"Pastos marinos",2021,7032.06455356
5403,"Pastos marinos",2018,4047.7112610288
5101,"Pastos marinos",2022,6943.46054018514
5403,"Pastos marinos",2019,3997.3447175872
5101,"Pastos marinos",2023,6855.97293737881
5403,"Pastos marinos",2020,3947.60489589888
5101,"Pastos marinos",2024,6769.58767836784
5403,"Pastos marinos",2021,3898.48399753
5403,"Pastos marinos",2022,3849.36309916112
5403,"Pastos marinos",2023,3800.86112411169
5403,"Pastos marinos",2024,3752.97027394788
8202,"Pastos marinos",2017,17123.7055357177
8202,"Pastos marinos",2018,16910.631577837
8202,"Pastos marinos",2019,16700.2089451283
8202,"Pastos marinos",2020,16492.4046465814
8202,"Pastos marinos",2021,16287.1861017
8202,"Pastos marinos",2022,16081.9675568186
8202,"Pastos marinos",2023,15879.3347656027
3102,"Pastos marinos",2017,32168.1246524261
8202,"Pastos marinos",2024,15679.2551475561
3102,"Pastos marinos",2018,31767.8497456312
3102,"Pastos marinos",2019,31372.5555457547
2102,"Pastos marinos",2017,23799.3298542897
3102,"Pastos marinos",2020,30982.1800767871
2102,"Pastos marinos",2018,23503.1896645168
3102,"Pastos marinos",2021,30596.6621339
2102,"Pastos marinos",2019,23210.7344109389
3102,"Pastos marinos",2022,30211.1441910129
2102,"Pastos marinos",2020,22921.9182411011
3102,"Pastos marinos",2023,29830.4837742061
2102,"Pastos marinos",2021,22636.6958731
3102,"Pastos marinos",2024,29454.6196786511
2102,"Pastos marinos",2022,22351.4735050989
2102,"Pastos marinos",2023,22069.8449389347
2102,"Pastos marinos",2024,21791.7648927041
1101,"Pastos marinos",2017,31043.0983208274
1101,"Pastos marinos",2018,30656.8223591027
1101,"Pastos marinos",2019,30275.3529124064
1101,"Pastos marinos",2020,29898.6301722362
1101,"Pastos marinos",2021,29526.5950743
1101,"Pastos marinos",2022,29154.5599763638
1101,"Pastos marinos",2023,28787.2125206616
1101,"Pastos marinos",2024,28424.4936429013
4202,"Pastos marinos",2017,6729.47309401048
4202,"Pastos marinos",2018,6645.73681020194
4202,"Pastos marinos",2019,6563.04247501673
4202,"Pastos marinos",2020,6481.37712326361
4202,"Pastos marinos",2021,6400.72795108
4202,"Pastos marinos",2022,6320.07877889639
4202,"Pastos marinos",2023,6240.4457862823
4202,"Pastos marinos",2024,6161.81616937514
2104,"Pastos marinos",2017,19058.6729887842
2104,"Pastos marinos",2018,18821.5218139287
2104,"Pastos marinos",2019,18587.3215622444
2104,"Pastos marinos",2020,18356.0355147584
2104,"Pastos marinos",2021,18127.6274094
2104,"Pastos marinos",2022,17899.2193040416
2104,"Pastos marinos",2023,17673.6891408106
2104,"Pastos marinos",2024,17451.0006576364
8106,"Pastos marinos",2017,1650.84194170523
9102,"Pastos marinos",2017,2563.78006573263
8106,"Pastos marinos",2018,1630.30015969309
9102,"Pastos marinos",2018,2531.87839791886
8106,"Pastos marinos",2019,1610.01398350098
9102,"Pastos marinos",2019,2500.37368943201
8106,"Pastos marinos",2020,1589.98023257059
9102,"Pastos marinos",2020,2469.26100082166
8106,"Pastos marinos",2021,1570.19576592
9102,"Pastos marinos",2021,2438.5354541
8106,"Pastos marinos",2022,1550.41129926941
9102,"Pastos marinos",2022,2407.80990737834
8106,"Pastos marinos",2023,1530.87611689861
4102,"Pastos marinos",2017,6355.79789905779
9102,"Pastos marinos",2023,2377.47150254537
8106,"Pastos marinos",2024,1511.58707782569
4102,"Pastos marinos",2018,6276.7113362214
9102,"Pastos marinos",2024,2347.5153616133
4102,"Pastos marinos",2019,6198.60886452834
4102,"Pastos marinos",2020,6121.47823872047
4102,"Pastos marinos",2021,6045.30736591
4102,"Pastos marinos",2022,5969.13649309953
4102,"Pastos marinos",2023,5893.92537328648
4102,"Pastos marinos",2024,5819.66191358307
4203,"Pastos marinos",2017,2838.09570964421
4203,"Pastos marinos",2018,2802.78067316237
4203,"Pastos marinos",2019,2767.90506928932
4203,"Pastos marinos",2020,2733.46343007043
4203,"Pastos marinos",2021,2699.45035559
4203,"Pastos marinos",2022,2665.43728110957
4203,"Pastos marinos",2023,2631.85277136758
4203,"Pastos marinos",2024,2598.69142644835
9116,"Pastos marinos",2017,608.928232033468
9116,"Pastos marinos",2018,601.351206827442
9116,"Pastos marinos",2019,593.868464178789
9116,"Pastos marinos",2020,586.478830909331
9116,"Pastos marinos",2021,579.181148439
9116,"Pastos marinos",2022,571.883465968669
9116,"Pastos marinos",2023,564.677734297463
9116,"Pastos marinos",2024,557.562794845315
5602,"Pastos marinos",2017,103.088930537744
5602,"Pastos marinos",2018,101.806172760956
5602,"Pastos marinos",2019,100.539376615599
5602,"Pastos marinos",2020,99.2883434876547
5602,"Pastos marinos",2021,98.0528772345
5602,"Pastos marinos",2022,96.8174109813453
5602,"Pastos marinos",2023,95.5975116029803
5602,"Pastos marinos",2024,94.3929829567828
15102,"Pastos marinos",2017,229.680377896054
15102,"Pastos marinos",2018,226.822415461242
15102,"Pastos marinos",2019,224.000015268855
3304,"Pastos marinos",2017,397.410866774799
15102,"Pastos marinos",2020,221.212734810246
3304,"Pastos marinos",2018,392.465797723483
15102,"Pastos marinos",2021,218.460137083
3304,"Pastos marinos",2019,387.582261231961
15102,"Pastos marinos",2022,215.707539355754
3304,"Pastos marinos",2020,382.75949163733
15102,"Pastos marinos",2023,212.989624359872
3304,"Pastos marinos",2021,377.996732804
15102,"Pastos marinos",2024,210.305955092937
3304,"Pastos marinos",2022,373.23397397067
3304,"Pastos marinos",2023,368.531225898639
3304,"Pastos marinos",2024,363.887732452316
3303,"Pastos marinos",2017,423.64620598744
3303,"Pastos marinos",2018,418.374684956982
3303,"Pastos marinos",2019,413.168758598639
3303,"Pastos marinos",2020,408.027610703772
3303,"Pastos marinos",2021,402.95043522
3303,"Pastos marinos",2022,397.873259736228
3303,"Pastos marinos",2023,392.860056663552
3303,"Pastos marinos",2024,387.910019949591
9117,"Pastos marinos",2017,48.0192336552387
9117,"Pastos marinos",2018,47.4217199834473
9117,"Pastos marinos",2019,46.8316413030291
9117,"Pastos marinos",2020,46.2489050987844
9117,"Pastos marinos",2021,45.6734200067
9117,"Pastos marinos",2022,45.0979349146156
9117,"Pastos marinos",2023,44.5297009346914
9117,"Pastos marinos",2024,43.9686267029143
2301,"Pastos marinos",2017,192.205132347901
2301,"Pastos marinos",2018,189.813482468794
2301,"Pastos marinos",2019,187.451592404497
2301,"Pastos marinos",2020,185.119091847222
2301,"Pastos marinos",2021,182.815615097
2301,"Pastos marinos",2022,180.512138346778
2301,"Pastos marinos",2023,178.237685403608
2301,"Pastos marinos",2024,175.991890567523
15101,"Pastos marinos",2017,58.6971489129563
15101,"Pastos marinos",2018,57.9667676406837
15101,"Pastos marinos",2019,57.2454746599681
15101,"Pastos marinos",2020,56.5331568832393
15101,"Pastos marinos",2021,55.8297026301
15101,"Pastos marinos",2022,55.1262483769607
15101,"Pastos marinos",2023,54.431657647411
15101,"Pastos marinos",2024,53.7458187610537
7102,"Pastos marinos",2017,34.4398882864441
7102,"Pastos marinos",2018,34.0113453352203
7102,"Pastos marinos",2019,33.5881348362831
7102,"Pastos marinos",2020,33.1701904367797
7102,"Pastos marinos",2021,32.7574466095
7102,"Pastos marinos",2022,32.3447027822203
7102,"Pastos marinos",2023,31.9371595271643
7102,"Pastos marinos",2024,31.5347513171221
