"rgn_id","year","percent"
1101,2020,0.055306987030315
1405,2020,0.055306987030315
1402,2020,0.055306987030315
1107,2020,0.055306987030315
1403,2020,0.055306987030315
1401,2020,0.055306987030315
1404,2020,0.055306987030315
10404,2020,0.106501616536982
10106,2020,0.106501616536982
10208,2020,0.106501616536982
10403,2020,0.106501616536982
10105,2020,0.106501616536982
10107,2020,0.106501616536982
10202,2020,0.106501616536982
10108,2020,0.106501616536982
10205,2020,0.106501616536982
10207,2020,0.106501616536982
10206,2020,0.106501616536982
10204,2020,0.106501616536982
10402,2020,0.106501616536982
10104,2020,0.106501616536982
10201,2020,0.106501616536982
10302,2020,0.106501616536982
10203,2020,0.106501616536982
10109,2020,0.106501616536982
10305,2020,0.106501616536982
10101,2020,0.106501616536982
10102,2020,0.106501616536982
10304,2020,0.106501616536982
10209,2020,0.106501616536982
10210,2020,0.106501616536982
10301,2020,0.106501616536982
10103,2020,0.106501616536982
10401,2020,0.106501616536982
10306,2020,0.106501616536982
10303,2020,0.106501616536982
10307,2020,0.106501616536982
11102,2020,0.0182519238091239
11201,2020,0.0182519238091239
11203,2020,0.0182519238091239
11101,2020,0.0182519238091239
11202,2020,0.0182519238091239
11401,2020,0.0182519238091239
11301,2020,0.0182519238091239
11302,2020,0.0182519238091239
11402,2020,0.0182519238091239
11303,2020,0.0182519238091239
12101,2020,0.029495435693831
12402,2020,0.029495435693831
12102,2020,0.029495435693831
12201,2020,0.029495435693831
12202,2020,0.029495435693831
12301,2020,0.029495435693831
12103,2020,0.029495435693831
12104,2020,0.0294954356938309
12303,2020,0.029495435693831
12401,2020,0.029495435693831
12302,2020,0.029495435693831
14202,2020,0.0804120677757682
14203,2020,0.0804120677757682
14107,2020,0.0804120677757682
14204,2020,0.0804120677757682
14201,2020,0.0804120677757682
14108,2020,0.0804120677757682
14106,2020,0.0804120677757682
14101,2020,0.0804120677757682
14102,2020,0.0804120677757682
14104,2020,0.0804120677757682
14105,2020,0.0804120677757682
14103,2020,0.0804120677757682
15202,2020,0.0379319988504916
15101,2020,0.0379319988504916
15102,2020,0.0379319988504916
15201,2020,0.0379319988504916
16103,2020,0.0925816167961738
16301,2020,0.0925816167961739
16207,2020,0.0925816167961738
16102,2020,0.0925816167961738
16109,2020,0.0925816167961738
16206,2020,0.0925816167961739
16104,2020,0.0925816167961738
16101,2020,0.0925816167961738
16105,2020,0.0925816167961738
16106,2020,0.0925816167961738
16202,2020,0.0925816167961739
16305,2020,0.0925816167961739
16304,2020,0.0925816167961739
16303,2020,0.0925816167961738
16205,2020,0.0925816167961739
16204,2020,0.0925816167961738
16108,2020,0.0925816167961739
16201,2020,0.0925816167961739
16107,2020,0.0925816167961738
16302,2020,0.0925816167961739
16203,2020,0.0925816167961738
2103,2020,0.169798792528882
2104,2020,0.169798792528882
2101,2020,0.169798792528882
2301,2020,0.169798792528882
2203,2020,0.169798792528882
2102,2020,0.169798792528882
2302,2020,0.169798792528882
2202,2020,0.169798792528882
2201,2020,0.169798792528882
3301,2020,0.070459804586249
3202,2020,0.070459804586249
3304,2020,0.070459804586249
3303,2020,0.070459804586249
3201,2020,0.070459804586249
3102,2020,0.070459804586249
3302,2020,0.070459804586249
3101,2020,0.070459804586249
3103,2020,0.070459804586249
4305,2020,0.208293161993453
4301,2020,0.208293161993453
4303,2020,0.208293161993453
4302,2020,0.208293161993453
4102,2020,0.208293161993453
4202,2020,0.208293161993453
4103,2020,0.208293161993453
4101,2020,0.208293161993453
4204,2020,0.208293161993453
4203,2020,0.208293161993453
4304,2020,0.208293161993453
4104,2020,0.208293161993453
4201,2020,0.208293161993453
4106,2020,0.208293161993453
4105,2020,0.208293161993453
5302,2020,0.467219209992452
5501,2020,0.467219209992452
5102,2020,0.467219209992452
5803,2020,0.467219209992452
5502,2020,0.467219209992452
5601,2020,0.467219209992452
5802,2020,0.467219209992452
5701,2020,0.467219209992452
5101,2020,0.467219209992452
5401,2020,0.467219209992452
5105,2020,0.467219209992452
5301,2020,0.467219209992452
5103,2020,0.467219209992452
5104,2020,0.467219209992452
5801,2020,0.467219209992452
5109,2020,0.467219209992452
5403,2020,0.467219209992452
5804,2020,0.467219209992452
5602,2020,0.467219209992452
5605,2020,0.467219209992452
5201,2020,0.467219209992452
5404,2020,0.467219209992452
5405,2020,0.467219209992452
5506,2020,0.467219209992452
5705,2020,0.467219209992452
5402,2020,0.467219209992452
5303,2020,0.467219209992452
5604,2020,0.467219209992452
5706,2020,0.467219209992452
5503,2020,0.467219209992452
5304,2020,0.467219209992452
5504,2020,0.467219209992452
5702,2020,0.467219209992452
5107,2020,0.467219209992452
5606,2020,0.467219209992452
5703,2020,0.467219209992452
5603,2020,0.467219209992452
5704,2020,0.467219209992452
6111,2020,0.231617482167765
6101,2020,0.231617482167765
6102,2020,0.231617482167765
6202,2020,0.231617482167765
6203,2020,0.231617482167765
6104,2020,0.231617482167765
6205,2020,0.231617482167765
6206,2020,0.231617482167765
6110,2020,0.231617482167765
6301,2020,0.231617482167765
6305,2020,0.231617482167765
6112,2020,0.231617482167765
6103,2020,0.231617482167765
6114,2020,0.231617482167765
6106,2020,0.231617482167765
6116,2020,0.231617482167765
6105,2020,0.231617482167765
6201,2020,0.231617482167765
6310,2020,0.231617482167765
6204,2020,0.231617482167765
6109,2020,0.231617482167765
6309,2020,0.231617482167765
6302,2020,0.231617482167765
6115,2020,0.231617482167765
6304,2020,0.231617482167765
6113,2020,0.231617482167765
6306,2020,0.231617482167765
6108,2020,0.231617482167765
6117,2020,0.231617482167765
6308,2020,0.231617482167765
6303,2020,0.231617482167765
6107,2020,0.231617482167765
6307,2020,0.231617482167765
7108,2020,0.202049275195397
7109,2020,0.202049275195397
7105,2020,0.202049275195397
7106,2020,0.202049275195397
7405,2020,0.202049275195397
7103,2020,0.202049275195397
7406,2020,0.202049275195397
7107,2020,0.202049275195397
7306,2020,0.202049275195397
7307,2020,0.202049275195397
7305,2020,0.202049275195397
7404,2020,0.202049275195397
7110,2020,0.202049275195397
7403,2020,0.202049275195397
7202,2020,0.202049275195397
7304,2020,0.202049275195397
7407,2020,0.202049275195397
7408,2020,0.202049275195397
7303,2020,0.202049275195397
7203,2020,0.202049275195397
7102,2020,0.202049275195397
7309,2020,0.202049275195397
7201,2020,0.202049275195397
7104,2020,0.202049275195397
7301,2020,0.202049275195397
7302,2020,0.202049275195397
7402,2020,0.202049275195397
7308,2020,0.202049275195397
7101,2020,0.202049275195397
7401,2020,0.202049275195397
8301,2020,0.31602845967622
8207,2020,0.31602845967622
8206,2020,0.31602845967622
8102,2020,0.31602845967622
8306,2020,0.31602845967622
8103,2020,0.31602845967622
8302,2020,0.31602845967622
8204,2020,0.31602845967622
8203,2020,0.31602845967622
8305,2020,0.31602845967622
8314,2020,0.31602845967622
8303,2020,0.31602845967622
8205,2020,0.31602845967622
8101,2020,0.31602845967622
8108,2020,0.31602845967622
8109,2020,0.31602845967622
8310,2020,0.31602845967622
8311,2020,0.31602845967622
8112,2020,0.31602845967622
8201,2020,0.31602845967622
8202,2020,0.31602845967622
8105,2020,0.31602845967622
8304,2020,0.31602845967622
8312,2020,0.31602845967622
8313,2020,0.31602845967622
8307,2020,0.31602845967622
8110,2020,0.31602845967622
8107,2020,0.31602845967622
8308,2020,0.31602845967622
8309,2020,0.31602845967622
8111,2020,0.31602845967622
8104,2020,0.31602845967622
8106,2020,0.31602845967622
9204,2020,0.178810320748254
9205,2020,0.178810320748255
9108,2020,0.178810320748254
9106,2020,0.178810320748254
9203,2020,0.178810320748254
9206,2020,0.178810320748255
9101,2020,0.178810320748255
9207,2020,0.178810320748255
9201,2020,0.178810320748255
9107,2020,0.178810320748255
9208,2020,0.178810320748255
9117,2020,0.178810320748254
9116,2020,0.178810320748255
9103,2020,0.178810320748254
9110,2020,0.178810320748254
9111,2020,0.178810320748254
9202,2020,0.178810320748255
9211,2020,0.178810320748254
9104,2020,0.178810320748254
9105,2020,0.178810320748254
9102,2020,0.178810320748254
9120,2020,0.178810320748255
9118,2020,0.178810320748254
9109,2020,0.178810320748254
9115,2020,0.178810320748254
9113,2020,0.178810320748255
9121,2020,0.178810320748255
9112,2020,0.178810320748254
9210,2020,0.178810320748254
9119,2020,0.178810320748254
9114,2020,0.178810320748255
9209,2020,0.178810320748255
1401,2021,0.0534482967528873
1101,2021,0.0534482967528873
1402,2021,0.0534482967528873
1107,2021,0.0534482967528873
1404,2021,0.0534482967528873
1405,2021,0.0534482967528873
1403,2021,0.0534482967528873
10203,2021,0.0575303155810744
10202,2021,0.0575303155810744
10201,2021,0.0575303155810744
10204,2021,0.0575303155810744
10109,2021,0.0575303155810744
10404,2021,0.0575303155810744
10303,2021,0.0575303155810744
10304,2021,0.0575303155810744
10403,2021,0.0575303155810744
10108,2021,0.0575303155810744
10302,2021,0.0575303155810744
10206,2021,0.0575303155810744
10401,2021,0.0575303155810744
10305,2021,0.0575303155810744
10205,2021,0.0575303155810744
10207,2021,0.0575303155810744
10208,2021,0.0575303155810744
10402,2021,0.0575303155810744
10103,2021,0.0575303155810744
10301,2021,0.0575303155810744
10307,2021,0.0575303155810744
10209,2021,0.0575303155810744
10210,2021,0.0575303155810744
10306,2021,0.0575303155810744
10104,2021,0.0575303155810744
10101,2021,0.0575303155810744
10102,2021,0.0575303155810744
10107,2021,0.0575303155810744
10105,2021,0.0575303155810744
10106,2021,0.0575303155810744
11202,2021,0.0112450399940304
11301,2021,0.0112450399940304
11101,2021,0.0112450399940304
11203,2021,0.0112450399940304
11401,2021,0.0112450399940304
11302,2021,0.0112450399940304
11303,2021,0.0112450399940304
11201,2021,0.0112450399940304
11402,2021,0.0112450399940304
11102,2021,0.0112450399940304
12301,2021,0.0239485575060889
12402,2021,0.0239485575060889
12101,2021,0.0239485575060889
12201,2021,0.0239485575060889
12202,2021,0.0239485575060889
12302,2021,0.0239485575060889
12401,2021,0.0239485575060889
12104,2021,0.0239485575060889
12303,2021,0.0239485575060889
12103,2021,0.0239485575060889
12102,2021,0.0239485575060889
14102,2021,0.0657589074802758
14101,2021,0.0657589074802758
14201,2021,0.0657589074802758
14104,2021,0.0657589074802758
14108,2021,0.0657589074802758
14103,2021,0.0657589074802758
14203,2021,0.0657589074802758
14204,2021,0.0657589074802758
14105,2021,0.0657589074802758
14107,2021,0.0657589074802758
14202,2021,0.0657589074802758
14106,2021,0.0657589074802758
15102,2021,0.0283233506942413
15202,2021,0.0283233506942413
15101,2021,0.0283233506942413
15201,2021,0.0283233506942413
16204,2021,0.0882687994842298
16202,2021,0.0882687994842298
16203,2021,0.0882687994842298
16304,2021,0.0882687994842298
16302,2021,0.0882687994842298
16303,2021,0.0882687994842298
16201,2021,0.0882687994842298
16301,2021,0.0882687994842298
16206,2021,0.0882687994842298
16101,2021,0.0882687994842298
16109,2021,0.0882687994842298
16205,2021,0.0882687994842298
16105,2021,0.0882687994842298
16207,2021,0.0882687994842298
16305,2021,0.0882687994842298
16108,2021,0.0882687994842298
16103,2021,0.0882687994842298
16104,2021,0.0882687994842298
16107,2021,0.0882687994842298
16106,2021,0.0882687994842298
16102,2021,0.0882687994842298
2104,2021,0.143769713972849
2103,2021,0.143769713972849
2101,2021,0.143769713972849
2202,2021,0.143769713972849
2302,2021,0.143769713972849
2201,2021,0.143769713972849
2301,2021,0.143769713972849
2102,2021,0.143769713972849
2203,2021,0.143769713972849
3304,2021,0.0636914314558861
3103,2021,0.0636914314558861
3303,2021,0.0636914314558861
3102,2021,0.0636914314558861
3301,2021,0.0636914314558861
3302,2021,0.0636914314558861
3201,2021,0.0636914314558861
3202,2021,0.0636914314558861
3101,2021,0.0636914314558861
4102,2021,0.1538788984386
4304,2021,0.1538788984386
4203,2021,0.1538788984386
4201,2021,0.1538788984386
4305,2021,0.1538788984386
4101,2021,0.1538788984386
4202,2021,0.1538788984386
4106,2021,0.1538788984386
4303,2021,0.1538788984386
4204,2021,0.1538788984386
4105,2021,0.1538788984386
4104,2021,0.1538788984386
4302,2021,0.1538788984386
4103,2021,0.1538788984386
4301,2021,0.1538788984386
5501,2021,0.370815422778447
5606,2021,0.370815422778447
5801,2021,0.370815422778447
5701,2021,0.370815422778447
5401,2021,0.370815422778447
5405,2021,0.370815422778447
5503,2021,0.370815422778447
5304,2021,0.370815422778447
5603,2021,0.370815422778447
5402,2021,0.370815422778447
5404,2021,0.370815422778447
5101,2021,0.370815422778447
5504,2021,0.370815422778447
5602,2021,0.370815422778447
5706,2021,0.370815422778447
5705,2021,0.370815422778447
5302,2021,0.370815422778447
5601,2021,0.370815422778447
5605,2021,0.370815422778447
5403,2021,0.370815422778447
5105,2021,0.370815422778447
5104,2021,0.370815422778447
5703,2021,0.370815422778447
5502,2021,0.370815422778447
5604,2021,0.370815422778447
5804,2021,0.370815422778447
5301,2021,0.370815422778447
5702,2021,0.370815422778447
5704,2021,0.370815422778447
5103,2021,0.370815422778447
5201,2021,0.370815422778447
5802,2021,0.370815422778447
5803,2021,0.370815422778447
5506,2021,0.370815422778447
5303,2021,0.370815422778447
5109,2021,0.370815422778447
5102,2021,0.370815422778447
5107,2021,0.370815422778447
6304,2021,0.188781107317074
6205,2021,0.188781107317074
6116,2021,0.188781107317074
6115,2021,0.188781107317074
6117,2021,0.188781107317074
6109,2021,0.188781107317074
6203,2021,0.188781107317074
6113,2021,0.188781107317074
6103,2021,0.188781107317074
6102,2021,0.188781107317074
6204,2021,0.188781107317073
6303,2021,0.188781107317074
6108,2021,0.188781107317074
6201,2021,0.188781107317074
6114,2021,0.188781107317074
6202,2021,0.188781107317074
6307,2021,0.188781107317074
6308,2021,0.188781107317074
6305,2021,0.188781107317074
6310,2021,0.188781107317073
6301,2021,0.188781107317074
6112,2021,0.188781107317074
6309,2021,0.188781107317074
6302,2021,0.188781107317074
6306,2021,0.188781107317074
6111,2021,0.188781107317074
6101,2021,0.188781107317074
6107,2021,0.188781107317074
6106,2021,0.188781107317074
6104,2021,0.188781107317074
6110,2021,0.188781107317074
6206,2021,0.188781107317074
6105,2021,0.188781107317074
7308,2021,0.158667801299354
7203,2021,0.158667801299354
7309,2021,0.158667801299354
7105,2021,0.158667801299354
7307,2021,0.158667801299354
7403,2021,0.158667801299354
7402,2021,0.158667801299354
7404,2021,0.158667801299354
7109,2021,0.158667801299354
7401,2021,0.158667801299354
7104,2021,0.158667801299354
7406,2021,0.158667801299354
7106,2021,0.158667801299354
7107,2021,0.158667801299354
7108,2021,0.158667801299354
7306,2021,0.158667801299354
7305,2021,0.158667801299354
7202,2021,0.158667801299354
7101,2021,0.158667801299354
7110,2021,0.158667801299354
7201,2021,0.158667801299354
7407,2021,0.158667801299354
7408,2021,0.158667801299354
7405,2021,0.158667801299354
7103,2021,0.158667801299354
7301,2021,0.158667801299354
7303,2021,0.158667801299354
7304,2021,0.158667801299354
7302,2021,0.158667801299354
7102,2021,0.158667801299354
8207,2021,0.248895344307774
8313,2021,0.248895344307774
8314,2021,0.248895344307774
8203,2021,0.248895344307774
8109,2021,0.248895344307774
8110,2021,0.248895344307774
8312,2021,0.248895344307774
8202,2021,0.248895344307774
8201,2021,0.248895344307774
8101,2021,0.248895344307774
8102,2021,0.248895344307774
8204,2021,0.248895344307774
8205,2021,0.248895344307774
8206,2021,0.248895344307774
8311,2021,0.248895344307774
8106,2021,0.248895344307774
8107,2021,0.248895344307774
8301,2021,0.248895344307774
8108,2021,0.248895344307774
8111,2021,0.248895344307774
8112,2021,0.248895344307774
8305,2021,0.248895344307774
8306,2021,0.248895344307774
8307,2021,0.248895344307774
8103,2021,0.248895344307774
8309,2021,0.248895344307774
8310,2021,0.248895344307774
8105,2021,0.248895344307774
8302,2021,0.248895344307774
8303,2021,0.248895344307774
8304,2021,0.248895344307774
8104,2021,0.248895344307774
8308,2021,0.248895344307774
9103,2021,0.130511694942499
9105,2021,0.130511694942499
9104,2021,0.130511694942499
9207,2021,0.130511694942499
9114,2021,0.130511694942499
9102,2021,0.130511694942499
9106,2021,0.130511694942499
9203,2021,0.130511694942499
9115,2021,0.130511694942499
9110,2021,0.130511694942499
9202,2021,0.130511694942499
9101,2021,0.130511694942499
9107,2021,0.130511694942499
9117,2021,0.130511694942499
9108,2021,0.130511694942499
9118,2021,0.130511694942499
9211,2021,0.130511694942499
9109,2021,0.130511694942499
9205,2021,0.130511694942499
9201,2021,0.130511694942499
9113,2021,0.130511694942499
9119,2021,0.130511694942499
9120,2021,0.130511694942499
9206,2021,0.130511694942499
9116,2021,0.130511694942499
9112,2021,0.130511694942499
9121,2021,0.130511694942499
9210,2021,0.130511694942499
9208,2021,0.130511694942499
9204,2021,0.130511694942499
9111,2021,0.130511694942499
9209,2021,0.130511694942499
1403,2022,0.0770889977680476
1402,2022,0.0770889977680476
1107,2022,0.0770889977680476
1404,2022,0.0770889977680476
1401,2022,0.0770889977680476
1101,2022,0.0770889977680476
1405,2022,0.0770889977680476
10402,2022,0.0632328970155716
10401,2022,0.0632328970155716
10307,2022,0.0632328970155716
10102,2022,0.0632328970155716
10403,2022,0.0632328970155716
10109,2022,0.0632328970155716
10306,2022,0.0632328970155716
10101,2022,0.0632328970155716
10206,2022,0.0632328970155716
10103,2022,0.0632328970155716
10104,2022,0.0632328970155716
10404,2022,0.0632328970155716
10106,2022,0.0632328970155716
10107,2022,0.0632328970155716
10108,2022,0.0632328970155716
10201,2022,0.0632328970155716
10202,2022,0.0632328970155716
10203,2022,0.0632328970155716
10204,2022,0.0632328970155716
10305,2022,0.0632328970155716
10205,2022,0.0632328970155716
10207,2022,0.0632328970155716
10208,2022,0.0632328970155716
10209,2022,0.0632328970155716
10105,2022,0.0632328970155716
10301,2022,0.0632328970155716
10302,2022,0.0632328970155716
10303,2022,0.0632328970155716
10210,2022,0.0632328970155716
10304,2022,0.0632328970155716
11303,2022,0.0134412564350868
11101,2022,0.0134412564350868
11402,2022,0.0134412564350868
11302,2022,0.0134412564350868
11401,2022,0.0134412564350868
11102,2022,0.0134412564350868
11201,2022,0.0134412564350868
11301,2022,0.0134412564350868
11203,2022,0.0134412564350868
11202,2022,0.0134412564350868
12102,2022,0.0214066417963591
12101,2022,0.0214066417963591
12301,2022,0.0214066417963591
12201,2022,0.0214066417963591
12202,2022,0.0214066417963591
12402,2022,0.0214066417963591
12103,2022,0.0214066417963591
12104,2022,0.0214066417963591
12401,2022,0.0214066417963591
12302,2022,0.0214066417963591
12303,2022,0.0214066417963591
14106,2022,0.0522559359719473
14104,2022,0.0522559359719473
14105,2022,0.0522559359719473
14203,2022,0.0522559359719473
14101,2022,0.0522559359719473
14201,2022,0.0522559359719473
14107,2022,0.0522559359719473
14108,2022,0.0522559359719473
14204,2022,0.0522559359719473
14202,2022,0.0522559359719473
14103,2022,0.0522559359719473
14102,2022,0.0522559359719473
15102,2022,0.0348002783219836
15202,2022,0.0348002783219836
15101,2022,0.0348002783219836
15201,2022,0.0348002783219836
16205,2022,0.0876351862984938
16204,2022,0.0876351862984938
16103,2022,0.0876351862984938
16102,2022,0.0876351862984938
16108,2022,0.0876351862984938
16109,2022,0.0876351862984938
16101,2022,0.0876351862984938
16201,2022,0.0876351862984938
16105,2022,0.0876351862984938
16203,2022,0.0876351862984938
16107,2022,0.0876351862984938
16104,2022,0.0876351862984938
16305,2022,0.0876351862984938
16106,2022,0.0876351862984938
16304,2022,0.0876351862984938
16301,2022,0.0876351862984938
16302,2022,0.0876351862984938
16206,2022,0.0876351862984938
16207,2022,0.0876351862984938
16202,2022,0.0876351862984938
16303,2022,0.0876351862984938
2202,2022,0.128614608247375
2201,2022,0.128614608247375
2104,2022,0.128614608247375
2103,2022,0.128614608247375
2203,2022,0.128614608247375
2301,2022,0.128614608247375
2102,2022,0.128614608247375
2302,2022,0.128614608247375
2101,2022,0.128614608247375
3201,2022,0.0569450383290919
3102,2022,0.0569450383290919
3101,2022,0.0569450383290919
3304,2022,0.0569450383290919
3303,2022,0.0569450383290918
3202,2022,0.0569450383290918
3301,2022,0.0569450383290919
3103,2022,0.0569450383290919
3302,2022,0.0569450383290919
4104,2022,0.15508922380501
4103,2022,0.15508922380501
4102,2022,0.15508922380501
4201,2022,0.15508922380501
4202,2022,0.15508922380501
4106,2022,0.15508922380501
4101,2022,0.15508922380501
4305,2022,0.15508922380501
4204,2022,0.15508922380501
4203,2022,0.15508922380501
4303,2022,0.15508922380501
4301,2022,0.15508922380501
4105,2022,0.15508922380501
4302,2022,0.15508922380501
4304,2022,0.15508922380501
5706,2022,0.342114164473625
5104,2022,0.342114164473625
5705,2022,0.342114164473625
5303,2022,0.342114164473625
5301,2022,0.342114164473625
5701,2022,0.342114164473625
5101,2022,0.342114164473625
5704,2022,0.342114164473625
5703,2022,0.342114164473625
5403,2022,0.342114164473625
5803,2022,0.342114164473625
5103,2022,0.342114164473625
5302,2022,0.342114164473625
5405,2022,0.342114164473625
5606,2022,0.342114164473625
5605,2022,0.342114164473625
5702,2022,0.342114164473625
5802,2022,0.342114164473625
5109,2022,0.342114164473625
5201,2022,0.342114164473625
5105,2022,0.342114164473625
5404,2022,0.342114164473625
5402,2022,0.342114164473625
5602,2022,0.342114164473625
5506,2022,0.342114164473625
5801,2022,0.342114164473625
5102,2022,0.342114164473625
5504,2022,0.342114164473625
5603,2022,0.342114164473625
5604,2022,0.342114164473625
5107,2022,0.342114164473625
5401,2022,0.342114164473625
5601,2022,0.342114164473625
5501,2022,0.342114164473625
5304,2022,0.342114164473625
5502,2022,0.342114164473625
5503,2022,0.342114164473625
5804,2022,0.342114164473625
6309,2022,0.153649345090792
6101,2022,0.153649345090792
6106,2022,0.153649345090792
6115,2022,0.153649345090792
6202,2022,0.153649345090792
6206,2022,0.153649345090792
6310,2022,0.153649345090792
6107,2022,0.153649345090792
6108,2022,0.153649345090792
6308,2022,0.153649345090792
6104,2022,0.153649345090792
6113,2022,0.153649345090792
6112,2022,0.153649345090792
6203,2022,0.153649345090792
6109,2022,0.153649345090792
6105,2022,0.153649345090792
6114,2022,0.153649345090792
6301,2022,0.153649345090792
6103,2022,0.153649345090792
6116,2022,0.153649345090792
6110,2022,0.153649345090792
6201,2022,0.153649345090792
6205,2022,0.153649345090792
6306,2022,0.153649345090792
6305,2022,0.153649345090792
6302,2022,0.153649345090792
6307,2022,0.153649345090792
6102,2022,0.153649345090792
6117,2022,0.153649345090792
6111,2022,0.153649345090792
6304,2022,0.153649345090792
6303,2022,0.153649345090792
6204,2022,0.153649345090792
7102,2022,0.163287025636231
7101,2022,0.163287025636231
7407,2022,0.163287025636231
7202,2022,0.163287025636231
7308,2022,0.163287025636231
7203,2022,0.163287025636231
7103,2022,0.163287025636231
7104,2022,0.163287025636231
7403,2022,0.163287025636231
7105,2022,0.163287025636231
7401,2022,0.163287025636231
7402,2022,0.163287025636231
7302,2022,0.163287025636231
7405,2022,0.163287025636231
7303,2022,0.163287025636231
7301,2022,0.163287025636231
7307,2022,0.163287025636231
7306,2022,0.163287025636231
7309,2022,0.163287025636231
7408,2022,0.163287025636231
7201,2022,0.163287025636231
7404,2022,0.163287025636231
7305,2022,0.163287025636231
7110,2022,0.163287025636231
7304,2022,0.163287025636231
7106,2022,0.163287025636231
7406,2022,0.163287025636231
7109,2022,0.163287025636231
7108,2022,0.163287025636231
7107,2022,0.163287025636231
8201,2022,0.233365472838152
8109,2022,0.233365472838152
8202,2022,0.233365472838152
8313,2022,0.233365472838152
8206,2022,0.233365472838152
8305,2022,0.233365472838152
8312,2022,0.233365472838152
8112,2022,0.233365472838152
8111,2022,0.233365472838152
8303,2022,0.233365472838152
8304,2022,0.233365472838152
8306,2022,0.233365472838152
8307,2022,0.233365472838152
8203,2022,0.233365472838152
8204,2022,0.233365472838152
8310,2022,0.233365472838152
8311,2022,0.233365472838152
8104,2022,0.233365472838152
8207,2022,0.233365472838152
8314,2022,0.233365472838152
8107,2022,0.233365472838152
8110,2022,0.233365472838152
8308,2022,0.233365472838152
8309,2022,0.233365472838152
8101,2022,0.233365472838152
8205,2022,0.233365472838152
8103,2022,0.233365472838152
8302,2022,0.233365472838152
8106,2022,0.233365472838152
8301,2022,0.233365472838152
8108,2022,0.233365472838152
8105,2022,0.233365472838152
8102,2022,0.233365472838152
9121,2022,0.157749193304027
9119,2022,0.157749193304027
9120,2022,0.157749193304027
9110,2022,0.157749193304027
9210,2022,0.157749193304027
9103,2022,0.157749193304027
9117,2022,0.157749193304027
9116,2022,0.157749193304027
9118,2022,0.157749193304027
9205,2022,0.157749193304027
9201,2022,0.157749193304027
9202,2022,0.157749193304027
9104,2022,0.157749193304027
9204,2022,0.157749193304027
9109,2022,0.157749193304027
9208,2022,0.157749193304027
9206,2022,0.157749193304027
9101,2022,0.157749193304027
9102,2022,0.157749193304027
9211,2022,0.157749193304027
9209,2022,0.157749193304027
9107,2022,0.157749193304027
9203,2022,0.157749193304027
9113,2022,0.157749193304027
9106,2022,0.157749193304027
9111,2022,0.157749193304027
9112,2022,0.157749193304027
9108,2022,0.157749193304027
9114,2022,0.157749193304027
9115,2022,0.157749193304027
9105,2022,0.157749193304027
9207,2022,0.157749193304027
1107,2023,0.0620891957436618
1101,2023,0.0620891957436618
1404,2023,0.0620891957436618
1401,2023,0.0620891957436618
1405,2023,0.0620891957436618
1403,2023,0.0620891957436618
1402,2023,0.0620891957436618
10105,2023,0.0757356610024971
10106,2023,0.0757356610024971
10107,2023,0.0757356610024971
10103,2023,0.0757356610024971
10104,2023,0.0757356610024971
10209,2023,0.0757356610024971
10210,2023,0.0757356610024971
10301,2023,0.0757356610024971
10109,2023,0.0757356610024971
10201,2023,0.0757356610024971
10202,2023,0.0757356610024971
10306,2023,0.0757356610024971
10307,2023,0.0757356610024971
10401,2023,0.0757356610024971
10402,2023,0.0757356610024971
10403,2023,0.0757356610024971
10207,2023,0.0757356610024971
10208,2023,0.0757356610024971
10303,2023,0.0757356610024971
10304,2023,0.0757356610024971
10305,2023,0.0757356610024971
10108,2023,0.0757356610024971
10204,2023,0.0757356610024971
10205,2023,0.0757356610024971
10206,2023,0.0757356610024971
10203,2023,0.0757356610024971
10404,2023,0.0757356610024971
10102,2023,0.0757356610024971
10101,2023,0.0757356610024971
10302,2023,0.0757356610024971
11302,2023,0.0141976242445655
11203,2023,0.0141976242445655
11201,2023,0.0141976242445655
11402,2023,0.0141976242445655
11102,2023,0.0141976242445655
11303,2023,0.0141976242445655
11101,2023,0.0141976242445655
11401,2023,0.0141976242445655
11301,2023,0.0141976242445655
11202,2023,0.0141976242445655
12103,2023,0.0251295135133862
12301,2023,0.0251295135133862
12202,2023,0.0251295135133862
12402,2023,0.0251295135133862
12104,2023,0.0251295135133862
12201,2023,0.0251295135133862
12401,2023,0.0251295135133862
12101,2023,0.0251295135133863
12102,2023,0.0251295135133862
12302,2023,0.0251295135133862
12303,2023,0.0251295135133862
14105,2023,0.0687851555439603
14107,2023,0.0687851555439603
14102,2023,0.0687851555439603
14203,2023,0.0687851555439603
14101,2023,0.0687851555439603
14106,2023,0.0687851555439603
14108,2023,0.0687851555439603
14103,2023,0.0687851555439603
14202,2023,0.0687851555439603
14204,2023,0.0687851555439603
14104,2023,0.0687851555439603
14201,2023,0.0687851555439603
15202,2023,0.0447282087965683
15102,2023,0.0447282087965683
15201,2023,0.0447282087965683
15101,2023,0.0447282087965683
16201,2023,0.0993648976427162
16109,2023,0.0993648976427162
16105,2023,0.0993648976427162
16207,2023,0.0993648976427162
16305,2023,0.0993648976427162
16106,2023,0.0993648976427162
16107,2023,0.0993648976427162
16303,2023,0.0993648976427162
16108,2023,0.0993648976427162
16102,2023,0.0993648976427162
16206,2023,0.0993648976427162
16204,2023,0.0993648976427162
16202,2023,0.0993648976427162
16302,2023,0.0993648976427162
16101,2023,0.0993648976427162
16103,2023,0.0993648976427162
16301,2023,0.0993648976427162
16104,2023,0.0993648976427162
16304,2023,0.0993648976427162
16203,2023,0.0993648976427162
16205,2023,0.0993648976427162
2103,2023,0.132101928578611
2301,2023,0.132101928578611
2102,2023,0.132101928578611
2104,2023,0.132101928578611
2302,2023,0.132101928578611
2101,2023,0.132101928578611
2201,2023,0.132101928578611
2203,2023,0.132101928578611
2202,2023,0.132101928578611
3201,2023,0.0672072293747678
3304,2023,0.0672072293747678
3202,2023,0.0672072293747678
3301,2023,0.0672072293747678
3102,2023,0.0672072293747678
3103,2023,0.0672072293747678
3101,2023,0.0672072293747678
3303,2023,0.0672072293747678
3302,2023,0.0672072293747678
4203,2023,0.180648384816198
4204,2023,0.180648384816198
4104,2023,0.180648384816198
4102,2023,0.180648384816198
4202,2023,0.180648384816198
4302,2023,0.180648384816198
4103,2023,0.180648384816198
4101,2023,0.180648384816198
4106,2023,0.180648384816198
4305,2023,0.180648384816198
4304,2023,0.180648384816198
4301,2023,0.180648384816198
4201,2023,0.180648384816198
4105,2023,0.180648384816198
4303,2023,0.180648384816198
5606,2023,0.384524011583732
5301,2023,0.384524011583732
5201,2023,0.384524011583732
5703,2023,0.384524011583732
5104,2023,0.384524011583732
5302,2023,0.384524011583732
5605,2023,0.384524011583732
5503,2023,0.384524011583732
5504,2023,0.384524011583732
5109,2023,0.384524011583732
5107,2023,0.384524011583732
5303,2023,0.384524011583732
5604,2023,0.384524011583732
5502,2023,0.384524011583732
5402,2023,0.384524011583732
5702,2023,0.384524011583732
5404,2023,0.384524011583732
5405,2023,0.384524011583732
5105,2023,0.384524011583732
5704,2023,0.384524011583732
5705,2023,0.384524011583732
5304,2023,0.384524011583732
5706,2023,0.384524011583732
5506,2023,0.384524011583732
5601,2023,0.384524011583732
5101,2023,0.384524011583732
5603,2023,0.384524011583732
5401,2023,0.384524011583732
5701,2023,0.384524011583732
5803,2023,0.384524011583732
5102,2023,0.384524011583732
5103,2023,0.384524011583732
5501,2023,0.384524011583732
5403,2023,0.384524011583732
5602,2023,0.384524011583732
5804,2023,0.384524011583732
5801,2023,0.384524011583732
5802,2023,0.384524011583732
6111,2023,0.1925896471738
6109,2023,0.1925896471738
6110,2023,0.1925896471738
6117,2023,0.1925896471738
6203,2023,0.1925896471738
6308,2023,0.1925896471738
6114,2023,0.1925896471738
6108,2023,0.1925896471738
6302,2023,0.1925896471738
6113,2023,0.1925896471738
6116,2023,0.1925896471738
6205,2023,0.1925896471738
6106,2023,0.1925896471738
6301,2023,0.1925896471738
6112,2023,0.1925896471738
6306,2023,0.1925896471738
6305,2023,0.1925896471738
6105,2023,0.1925896471738
6307,2023,0.1925896471738
6206,2023,0.1925896471738
6107,2023,0.1925896471738
6202,2023,0.1925896471738
6204,2023,0.1925896471738
6101,2023,0.1925896471738
6115,2023,0.1925896471738
6102,2023,0.1925896471738
6309,2023,0.1925896471738
6310,2023,0.1925896471738
6201,2023,0.1925896471738
6304,2023,0.1925896471738
6104,2023,0.1925896471738
6303,2023,0.1925896471738
6103,2023,0.1925896471738
7104,2023,0.212111856894235
7301,2023,0.212111856894235
7303,2023,0.212111856894235
7406,2023,0.212111856894235
7308,2023,0.212111856894235
7304,2023,0.212111856894235
7305,2023,0.212111856894235
7103,2023,0.212111856894235
7401,2023,0.212111856894235
7307,2023,0.212111856894235
7109,2023,0.212111856894235
7407,2023,0.212111856894235
7302,2023,0.212111856894235
7110,2023,0.212111856894235
7309,2023,0.212111856894235
7108,2023,0.212111856894235
7306,2023,0.212111856894235
7405,2023,0.212111856894235
7403,2023,0.212111856894235
7101,2023,0.212111856894235
7102,2023,0.212111856894235
7408,2023,0.212111856894235
7202,2023,0.212111856894235
7105,2023,0.212111856894235
7106,2023,0.212111856894235
7107,2023,0.212111856894235
7203,2023,0.212111856894235
7201,2023,0.212111856894235
7404,2023,0.212111856894235
7402,2023,0.212111856894235
8311,2023,0.266272533931376
8101,2023,0.266272533931376
8110,2023,0.266272533931376
8309,2023,0.266272533931376
8103,2023,0.266272533931376
8310,2023,0.266272533931376
8308,2023,0.266272533931376
8312,2023,0.266272533931376
8201,2023,0.266272533931376
8102,2023,0.266272533931376
8104,2023,0.266272533931376
8301,2023,0.266272533931376
8313,2023,0.266272533931376
8112,2023,0.266272533931376
8109,2023,0.266272533931376
8307,2023,0.266272533931376
8306,2023,0.266272533931376
8106,2023,0.266272533931376
8107,2023,0.266272533931376
8202,2023,0.266272533931376
8105,2023,0.266272533931376
8203,2023,0.266272533931376
8111,2023,0.266272533931376
8108,2023,0.266272533931376
8207,2023,0.266272533931376
8206,2023,0.266272533931376
8204,2023,0.266272533931376
8304,2023,0.266272533931376
8305,2023,0.266272533931376
8205,2023,0.266272533931376
8314,2023,0.266272533931376
8303,2023,0.266272533931376
8302,2023,0.266272533931376
9108,2023,0.164501315988033
9116,2023,0.164501315988033
9107,2023,0.164501315988033
9115,2023,0.164501315988033
9102,2023,0.164501315988033
9211,2023,0.164501315988033
9111,2023,0.164501315988033
9120,2023,0.164501315988033
9101,2023,0.164501315988033
9110,2023,0.164501315988033
9205,2023,0.164501315988033
9103,2023,0.164501315988033
9117,2023,0.164501315988033
9114,2023,0.164501315988033
9119,2023,0.164501315988034
9210,2023,0.164501315988033
9112,2023,0.164501315988033
9109,2023,0.164501315988033
9121,2023,0.164501315988033
9201,2023,0.164501315988033
9209,2023,0.164501315988034
9113,2023,0.164501315988033
9206,2023,0.164501315988033
9106,2023,0.164501315988034
9104,2023,0.164501315988034
9118,2023,0.164501315988033
9204,2023,0.164501315988033
9202,2023,0.164501315988033
9203,2023,0.164501315988033
9208,2023,0.164501315988033
9105,2023,0.164501315988033
9207,2023,0.164501315988033
1101,2024,0.0645753511057079
1405,2024,0.0645753511057079
1404,2024,0.0645753511057079
1403,2024,0.0645753511057079
1401,2024,0.0645753511057079
1107,2024,0.0645753511057079
1402,2024,0.0645753511057079
10304,2024,0.0807382508346221
10303,2024,0.0807382508346221
10107,2024,0.0807382508346221
10108,2024,0.0807382508346221
10302,2024,0.0807382508346221
10106,2024,0.0807382508346221
10307,2024,0.0807382508346221
10401,2024,0.0807382508346222
10101,2024,0.0807382508346221
10306,2024,0.0807382508346221
10403,2024,0.0807382508346221
10103,2024,0.0807382508346221
10104,2024,0.0807382508346221
10102,2024,0.0807382508346221
10301,2024,0.0807382508346221
10210,2024,0.0807382508346221
10202,2024,0.0807382508346221
10203,2024,0.0807382508346221
10305,2024,0.0807382508346221
10201,2024,0.0807382508346221
10404,2024,0.0807382508346221
10207,2024,0.0807382508346221
10402,2024,0.0807382508346221
10205,2024,0.0807382508346221
10209,2024,0.0807382508346221
10206,2024,0.0807382508346221
10208,2024,0.0807382508346221
10105,2024,0.0807382508346221
10109,2024,0.0807382508346221
10204,2024,0.0807382508346221
11302,2024,0.0131002946876331
11202,2024,0.0131002946876331
11102,2024,0.0131002946876331
11203,2024,0.0131002946876331
11303,2024,0.0131002946876331
11401,2024,0.0131002946876331
11101,2024,0.0131002946876331
11402,2024,0.0131002946876331
11301,2024,0.0131002946876331
11201,2024,0.0131002946876331
12401,2024,0.0248202282876105
12402,2024,0.0248202282876105
12302,2024,0.0248202282876105
12303,2024,0.0248202282876105
12101,2024,0.0248202282876105
12102,2024,0.0248202282876105
12103,2024,0.0248202282876105
12104,2024,0.0248202282876105
12201,2024,0.0248202282876105
12202,2024,0.0248202282876105
12301,2024,0.0248202282876105
14101,2024,0.066917906313558
14204,2024,0.066917906313558
14102,2024,0.066917906313558
14106,2024,0.066917906313558
14108,2024,0.066917906313558
14201,2024,0.066917906313558
14203,2024,0.066917906313558
14202,2024,0.066917906313558
14103,2024,0.066917906313558
14104,2024,0.066917906313558
14105,2024,0.066917906313558
14107,2024,0.066917906313558
15202,2024,0.0435561361129488
15201,2024,0.0435561361129488
15101,2024,0.0435561361129488
15102,2024,0.0435561361129488
16109,2024,0.104355504697449
16108,2024,0.104355504697449
16305,2024,0.104355504697449
16107,2024,0.104355504697449
16104,2024,0.104355504697449
16201,2024,0.104355504697449
16103,2024,0.104355504697449
16105,2024,0.104355504697449
16304,2024,0.104355504697449
16303,2024,0.104355504697449
16205,2024,0.104355504697449
16203,2024,0.104355504697449
16106,2024,0.104355504697449
16202,2024,0.104355504697449
16301,2024,0.104355504697449
16101,2024,0.104355504697449
16102,2024,0.104355504697449
16207,2024,0.104355504697449
16302,2024,0.104355504697449
16204,2024,0.104355504697449
16206,2024,0.104355504697449
2102,2024,0.14380804868
2101,2024,0.14380804868
2202,2024,0.14380804868
2201,2024,0.14380804868
2301,2024,0.14380804868
2103,2024,0.14380804868
2104,2024,0.14380804868
2203,2024,0.14380804868
2302,2024,0.14380804868
3301,2024,0.0660581841949323
3302,2024,0.0660581841949323
3101,2024,0.0660581841949323
3304,2024,0.0660581841949324
3201,2024,0.0660581841949324
3202,2024,0.0660581841949323
3303,2024,0.0660581841949324
3102,2024,0.0660581841949323
3103,2024,0.0660581841949323
4104,2024,0.149491917402713
4102,2024,0.149491917402713
4106,2024,0.149491917402713
4301,2024,0.149491917402713
4103,2024,0.149491917402713
4303,2024,0.149491917402713
4101,2024,0.149491917402713
4203,2024,0.149491917402713
4302,2024,0.149491917402713
4105,2024,0.149491917402713
4304,2024,0.149491917402713
4202,2024,0.149491917402713
4305,2024,0.149491917402713
4204,2024,0.149491917402713
4201,2024,0.149491917402713
5604,2024,0.376319133145384
5603,2024,0.376319133145384
5109,2024,0.376319133145384
5601,2024,0.376319133145384
5602,2024,0.376319133145384
5302,2024,0.376319133145384
5503,2024,0.376319133145384
5801,2024,0.376319133145384
5301,2024,0.376319133145384
5802,2024,0.376319133145384
5101,2024,0.376319133145384
5605,2024,0.376319133145384
5506,2024,0.376319133145384
5103,2024,0.376319133145384
5107,2024,0.376319133145384
5105,2024,0.376319133145384
5702,2024,0.376319133145384
5201,2024,0.376319133145384
5704,2024,0.376319133145384
5705,2024,0.376319133145384
5504,2024,0.376319133145384
5706,2024,0.376319133145384
5303,2024,0.376319133145384
5803,2024,0.376319133145384
5804,2024,0.376319133145384
5102,2024,0.376319133145384
5402,2024,0.376319133145384
5606,2024,0.376319133145384
5403,2024,0.376319133145384
5701,2024,0.376319133145384
5703,2024,0.376319133145384
5405,2024,0.376319133145384
5501,2024,0.376319133145384
5502,2024,0.376319133145384
5401,2024,0.376319133145384
5404,2024,0.376319133145384
5104,2024,0.376319133145384
5304,2024,0.376319133145384
6107,2024,0.197578821673351
6307,2024,0.197578821673351
6302,2024,0.197578821673351
6306,2024,0.197578821673351
6105,2024,0.197578821673351
6113,2024,0.197578821673351
6310,2024,0.197578821673351
6304,2024,0.197578821673351
6305,2024,0.197578821673351
6309,2024,0.197578821673351
6111,2024,0.197578821673351
6206,2024,0.197578821673351
6106,2024,0.197578821673351
6112,2024,0.197578821673351
6103,2024,0.197578821673351
6104,2024,0.197578821673351
6303,2024,0.197578821673351
6117,2024,0.197578821673351
6110,2024,0.197578821673351
6301,2024,0.197578821673351
6201,2024,0.197578821673351
6109,2024,0.197578821673351
6308,2024,0.197578821673351
6102,2024,0.197578821673351
6204,2024,0.197578821673351
6205,2024,0.197578821673351
6108,2024,0.197578821673351
6101,2024,0.197578821673351
6202,2024,0.197578821673351
6114,2024,0.197578821673351
6116,2024,0.197578821673351
6203,2024,0.197578821673351
6115,2024,0.197578821673351
7107,2024,0.202266123159353
7303,2024,0.202266123159353
7105,2024,0.202266123159353
7108,2024,0.202266123159354
7307,2024,0.202266123159353
7101,2024,0.202266123159353
7106,2024,0.202266123159353
7201,2024,0.202266123159353
7110,2024,0.202266123159353
7306,2024,0.202266123159353
7408,2024,0.202266123159353
7102,2024,0.202266123159353
7404,2024,0.202266123159353
7109,2024,0.202266123159353
7301,2024,0.202266123159353
7402,2024,0.202266123159353
7407,2024,0.202266123159353
7302,2024,0.202266123159353
7104,2024,0.202266123159353
7103,2024,0.202266123159353
7401,2024,0.202266123159353
7202,2024,0.202266123159353
7308,2024,0.202266123159353
7403,2024,0.202266123159353
7406,2024,0.202266123159353
7304,2024,0.202266123159353
7203,2024,0.202266123159353
7305,2024,0.202266123159354
7309,2024,0.202266123159353
7405,2024,0.202266123159353
8108,2024,0.294643583899183
8109,2024,0.294643583899183
8307,2024,0.294643583899183
8107,2024,0.294643583899183
8106,2024,0.294643583899183
8112,2024,0.294643583899183
8205,2024,0.294643583899183
8207,2024,0.294643583899183
8306,2024,0.294643583899183
8105,2024,0.294643583899183
8204,2024,0.294643583899183
8309,2024,0.294643583899183
8310,2024,0.294643583899183
8301,2024,0.294643583899183
8302,2024,0.294643583899183
8110,2024,0.294643583899183
8206,2024,0.294643583899183
8111,2024,0.294643583899183
8203,2024,0.294643583899183
8104,2024,0.294643583899183
8308,2024,0.294643583899183
8202,2024,0.294643583899183
8311,2024,0.294643583899183
8312,2024,0.294643583899183
8303,2024,0.294643583899183
8304,2024,0.294643583899183
8305,2024,0.294643583899183
8103,2024,0.294643583899183
8201,2024,0.294643583899183
8102,2024,0.294643583899183
8313,2024,0.294643583899183
8314,2024,0.294643583899183
8101,2024,0.294643583899183
9114,2024,0.198162166345036
9210,2024,0.198162166345036
9113,2024,0.198162166345036
9211,2024,0.198162166345036
9115,2024,0.198162166345036
9112,2024,0.198162166345036
9203,2024,0.198162166345036
9204,2024,0.198162166345036
9118,2024,0.198162166345036
9105,2024,0.198162166345036
9110,2024,0.198162166345036
9116,2024,0.198162166345036
9117,2024,0.198162166345036
9111,2024,0.198162166345036
9206,2024,0.198162166345036
9119,2024,0.198162166345036
9120,2024,0.198162166345036
9205,2024,0.198162166345036
9103,2024,0.198162166345036
9202,2024,0.198162166345036
9207,2024,0.198162166345036
9209,2024,0.198162166345036
9201,2024,0.198162166345036
9108,2024,0.198162166345036
9109,2024,0.198162166345036
9208,2024,0.198162166345036
9104,2024,0.198162166345036
9102,2024,0.198162166345036
9121,2024,0.198162166345036
9106,2024,0.198162166345036
9107,2024,0.198162166345036
9101,2024,0.198162166345036
