"rgn_id","year","jobs"
1101,2020,123.590652427553
1405,2020,3.29519028726617
1402,2020,0.760471071666831
1107,2020,71.8985300695392
1403,2020,0.875509604689887
1401,2020,9.6206503939233
1404,2020,1.65920961090945
10404,2020,1.94578453413065
10106,2020,18.975393018394
10208,2020,31.214558790824
10403,2020,10.1442789751475
10105,2020,21.5378219122738
10107,2020,19.8316660153514
10202,2020,45.2184563492717
10108,2020,15.862350767018
10205,2020,16.0487285959578
10207,2020,5.90338460464489
10206,2020,4.4741329107186
10204,2020,4.33035572839367
10402,2020,2.98843536002771
10104,2020,13.4788445889204
10201,2020,50.7022245847609
10302,2020,9.78962859207935
10203,2020,17.0541038560669
10109,2020,51.7810859602805
10305,2020,15.2031057606541
10101,2020,286.913224918298
10102,2020,39.1329539803485
10304,2020,12.553345541214
10209,2020,9.3540369804431
10210,2020,8.83750414023874
10301,2020,184.68445323678
10103,2020,4.26645475847149
10401,2020,5.34638115015648
10306,2020,8.13565848726003
10303,2020,22.4505407659957
10307,2020,11.2391155931477
11102,2020,0.16791769904394
11201,2020,4.56334599075717
11203,2020,0.291848261707892
11101,2020,11.1720025635648
11202,2020,1.06372211959574
11401,2020,0.934681018265237
11301,2020,0.672583392366217
11302,2020,0.120645216378309
11402,2020,0.492619423608255
11303,2020,0.104401004188189
12101,2020,41.8787994155289
12402,2020,0.301148398434014
12102,2020,0.0778679502317137
12201,2020,0.584894489808668
12202,2020,0.0404087469005484
12301,2020,2.15995075585924
12103,2020,0.0622353693139833
12104,2020,0.200863917074989
12303,2020,0.0831771286566033
12401,2020,7.01460451670688
12302,2020,0.204698323715187
14202,2020,12.27168566326
14203,2020,8.27601001548206
14107,2020,16.7241018560043
14204,2020,26.4756733151717
14201,2020,31.7933233571832
14108,2020,28.9411073131767
14106,2020,18.6958057578661
14101,2020,142.147628689937
14102,2020,4.38004533174609
14104,2020,16.4989480662321
14105,2020,5.94164768795151
14103,2020,14.1943382037786
15202,2020,0.307249190688982
15101,2020,93.9014217943689
15102,2020,0.467701545826561
15201,2020,0.953989771089863
16103,2020,31.3175835136417
16301,2020,52.0790110801837
16207,2020,5.27344889271006
16102,2020,20.929926109111
16109,2020,17.2164774594165
16206,2020,5.79653502760845
16104,2020,11.4190166156401
16101,2020,183.889310545232
16105,2020,7.99812587502146
16106,2020,10.9986960753855
16202,2020,4.88368028599817
16305,2020,11.2690343964303
16304,2020,4.30874844569393
16303,2020,10.7089156148134
16205,2020,4.57353186973099
16204,2020,5.01236873334485
16108,2020,15.3907679761959
16201,2020,11.2875507197895
16107,2020,17.3840501858176
16302,2020,26.2700337659143
16203,2020,15.5953733493155
2103,2020,2.96468691755428
2104,2020,23.1894210956694
2101,2020,722.875909493583
2301,2020,47.6778029541848
2203,2020,17.7168060124636
2102,2020,25.0894695840676
2302,2020,11.570089722918
2202,2020,0.487322534557891
2201,2020,323.188229747773
3301,2020,40.1684299965747
3202,2020,10.1166187424936
3304,2020,7.93659238859509
3303,2020,5.41201759026979
3201,2020,9.27532867573382
3102,2020,13.6875216389247
3302,2020,4.03664220474621
3101,2020,121.025987945616
3103,2020,10.084207232384
4305,2020,9.10657704235377
4301,2020,252.595034617841
4303,2020,67.7515168016105
4302,2020,28.919422611171
4102,2020,534.761449443892
4202,2020,19.883665243895
4103,2020,24.5598467306481
4101,2020,520.016376506375
4204,2020,60.6341394562942
4203,2020,48.6864436843497
4304,2020,25.3388631565036
4104,2020,9.26904570870866
4201,2020,68.3222400654726
4106,2020,61.9484693084729
4105,2020,9.73770532319393
5302,2020,77.0070701909559
5501,2020,455.875127573835
5102,2020,136.287843554798
5803,2020,90.0144529971458
5502,2020,250.387446827055
5601,2020,452.085979780796
5802,2020,233.287223741331
5701,2020,390.100007191098
5101,2020,1475.16055609337
5401,2020,176.323857659051
5105,2020,93.775567637585
5301,2020,318.14357666016
5103,2020,214.402223273436
5104,2020,4.82637443922203
5801,2020,780.653217015888
5109,2020,1688.39473134182
5403,2020,28.9722632116319
5804,2020,650.883081440485
5602,2020,70.8958429242546
5605,2020,66.9898903287177
5201,2020,38.6717340110752
5404,2020,49.3290041910031
5405,2020,37.3495036467966
5506,2020,109.749792427227
5705,2020,82.4408296031681
5402,2020,96.5415053607403
5303,2020,52.6228996214498
5604,2020,82.8940322368608
5706,2020,76.4697680994646
5503,2020,89.2341969164584
5304,2020,96.4480615187418
5504,2020,118.304576162189
5702,2020,71.0780584161517
5107,2020,168.829661530772
5606,2020,55.7579405204992
5703,2020,123.967272987297
5603,2020,118.472775077786
5704,2020,35.6628422987238
6111,2020,33.8717405922139
6101,2020,614.275040631951
6102,2020,32.6488002863681
6202,2020,7.21256839470419
6203,2020,15.6689226686493
6104,2020,49.2488252333318
6205,2020,15.9908709688625
6206,2020,14.7053939428314
6110,2020,63.6067929529116
6301,2020,182.148620326374
6305,2020,44.3339022617319
6112,2020,34.6314459337242
6103,2020,18.1379650285577
6114,2020,32.1415580004207
6106,2020,84.5496456905208
6116,2020,70.3445455091718
6105,2020,52.5771684520826
6201,2020,41.4178381612397
6310,2020,95.1855204716646
6204,2020,17.6770462390438
6109,2020,32.8039839994205
6309,2020,8.17841329534378
6302,2020,36.8850840352165
6115,2020,147.563497889083
6304,2020,16.8825982752084
6113,2020,48.0444143260594
6306,2020,30.802808953491
6108,2020,138.768982091173
6117,2020,117.237820948857
6308,2020,21.225426065854
6303,2020,87.3105260779606
6107,2020,61.9553603050554
6307,2020,27.4420392872368
7108,2020,29.8083295695769
7109,2020,93.532650473453
7105,2020,121.229565117238
7106,2020,18.3521356659979
7405,2020,42.573802776422
7103,2020,19.0451646799181
7406,2020,99.9153870768756
7107,2020,17.3782581595561
7306,2020,32.6713677990956
7307,2020,39.3369733877918
7305,2020,22.7265024739782
7404,2020,90.0008291430374
7110,2020,20.1220873167095
7403,2020,66.2923671916096
7202,2020,18.8532178684825
7304,2020,100.620539047308
7407,2020,35.3828690722179
7408,2020,38.7934608375161
7303,2020,14.1212238434063
7203,2020,16.3498273488115
7102,2020,101.727769075378
7309,2020,8.85177874631033
7201,2020,89.1906115495039
7104,2020,8.49819251471838
7301,2020,330.60514703122
7302,2020,20.6534769104734
7402,2020,45.5924189478412
7308,2020,62.3322013977798
7101,2020,478.299126213551
7401,2020,204.217263918243
8301,2020,690.569588661491
8207,2020,34.8231759717226
8206,2020,71.1822502574717
8102,2020,397.65545052599
8306,2020,88.3109927719228
8103,2020,288.154749532777
8302,2020,13.608185473658
8204,2020,20.0046014975047
8203,2020,116.940010933992
8305,2020,98.0983941680953
8314,2020,21.4109281430639
8303,2020,97.0997442355185
8205,2020,107.108365553464
8101,2020,752.438480212305
8108,2020,461.104484375185
8109,2020,46.7058460555485
8310,2020,11.4117876789083
8311,2020,46.114872835954
8112,2020,307.410363580849
8201,2020,85.6437125722555
8202,2020,122.236647918165
8105,2020,82.8026167197663
8304,2020,75.4454741785039
8312,2020,48.0521272937692
8313,2020,69.9434186955409
8307,2020,32.9586080596329
8110,2020,500.41526447431
8107,2020,157.587591417547
8308,2020,13.2068293298692
8309,2020,31.7039750747183
8111,2020,185.600354083247
8104,2020,37.4209299102612
8106,2020,144.58302030187
9204,2020,15.1237769288874
9205,2020,19.7567523394746
9108,2020,72.8580532920838
9106,2020,22.589107820127
9203,2020,32.5041401056177
9206,2020,13.4411718106463
9101,2020,541.671892745895
9207,2020,17.9704372351996
9201,2020,100.237489605057
9107,2020,27.0861873869456
9208,2020,21.7934018927973
9117,2020,28.2269972333195
9116,2020,22.8752043333242
9103,2020,32.2842034110973
9110,2020,11.2024665948781
9111,2020,60.3967620391379
9202,2020,46.7553226692536
9211,2020,63.4186564597834
9104,2020,13.9507812247788
9105,2020,45.5000742176008
9102,2020,45.5715983459001
9120,2020,105.682263871841
9118,2020,17.979377751237
9109,2020,44.2358852499107
9115,2020,53.2532897252452
9113,2020,12.9154694676464
9121,2020,22.0669816835421
9112,2020,146.821154366392
9210,2020,34.5354253493179
9119,2020,55.012783281408
9114,2020,46.6623413024645
9209,2020,19.3705220466584
1401,2021,9.54212441929297
1101,2021,121.39551296593
1402,2021,0.73972442705996
1107,2021,71.6661487011089
1404,2021,1.62643167019036
1405,2021,3.25232885741319
1403,2021,0.84875895243585
10203,2021,9.25777838330649
10202,2021,24.4469323030218
10201,2021,27.5765814706322
10204,2021,2.3506886946427
10109,2021,28.3808552824556
10404,2021,1.05050356251042
10303,2021,12.1158844613743
10304,2021,6.78857723856678
10403,2021,5.49184392536936
10108,2021,8.54842959219185
10302,2021,5.2692016040706
10206,2021,2.41569795124931
10401,2021,2.89550078319547
10305,2021,8.18598860403108
10205,2021,8.73195129889547
10207,2021,3.1912066052822
10208,2021,16.9933046163378
10402,2021,1.63098444672346
10103,2021,2.29603489484068
10301,2021,100.257505659983
10307,2021,6.07290011273821
10209,2021,5.05058640486252
10210,2021,4.75890770486648
10306,2021,4.36655095260355
10104,2021,7.27068128313618
10101,2021,156.801751631997
10102,2021,21.2844908555301
10107,2021,10.754717194726
10105,2021,11.7287054375136
10106,2021,10.2565046617939
11202,2021,0.657272587651079
11301,2021,0.416516281378887
11101,2021,6.91524979472895
11203,2021,0.180370441504248
11401,2021,0.577770154893283
11302,2021,0.0747795159603024
11303,2021,0.0647714303656153
11201,2021,2.82081828250253
11402,2021,0.304178331838523
11102,2021,0.10334191754514
12301,2021,1.77722245252686
12402,2021,0.249064998063324
12101,2021,34.2955317765946
12201,2021,0.474899895345743
12202,2021,0.0337674660835853
12302,2021,0.165005561216952
12401,2021,5.75819116676401
12104,2021,0.161413277591039
12303,2021,0.0672954465921098
12103,2021,0.0507709419129085
12102,2021,0.0620267639407702
14102,2021,3.58057251230102
14101,2021,117.199470445796
14201,2021,26.0359242386656
14104,2021,13.4983309384762
14108,2021,23.7205531062851
14103,2021,11.6800971466466
14203,2021,6.76856434694478
14204,2021,21.6695327819753
14105,2021,4.85958326279238
14107,2021,13.7094170314879
14202,2021,10.0288909798169
14106,2021,15.4257245167231
15102,2021,0.35092631510165
15202,2021,0.229419140623354
15101,2021,71.0335473736224
15201,2021,0.718280173605959
16204,2021,4.76828054813809
16202,2021,4.6473522928447
16203,2021,14.8918291609844
16304,2021,4.1424547597949
16302,2021,25.2175133246496
16303,2021,10.2082866603512
16201,2021,10.7811511690038
16301,2021,49.870989020595
16206,2021,5.53886716763542
16101,2021,176.668236791696
16109,2021,16.4797848637057
16205,2021,4.34723837459832
16105,2021,7.61848008348387
16207,2021,5.04720995450826
16305,2021,10.8226375047614
16108,2021,14.6791013542274
16103,2021,30.2859077910341
16104,2021,10.8632411525242
16107,2021,16.7039876143956
16106,2021,10.5613618582881
16102,2021,20.0061234031007
2104,2021,19.8488467110916
2103,2021,2.54759933159889
2101,2021,623.546501865924
2202,2021,0.406868290543164
2302,2021,9.73752272738109
2201,2021,277.968678086526
2301,2021,40.5631871002997
2102,2021,21.8069902154018
2203,2021,15.3474169666017
3304,2021,7.24426341379249
3103,2021,9.15500635746907
3303,2021,4.92907988037103
3102,2021,12.4911635371284
3301,2021,36.4467847363163
3302,2021,3.66480496597169
3201,2021,8.37478632213447
3202,2021,9.08112429698024
3101,2021,110.347315740266
4102,2021,402.871882791084
4304,2021,18.8824796274006
4203,2021,36.4200576824479
4201,2021,50.6246187973151
4305,2021,6.71065876090736
4101,2021,391.537163132096
4202,2021,14.6923572229176
4106,2021,46.1482816417362
4303,2021,50.1752924138744
4204,2021,45.1773057925886
4105,2021,7.21692033677035
4104,2021,6.89069707208052
4302,2021,21.3783953600747
4103,2021,18.1854082174738
4301,2021,188.103104240329
5501,2021,365.479388844665
5606,2021,44.9650781661145
5801,2021,626.422201853858
5701,2021,313.13508376526
5401,2021,140.750410024015
5405,2021,30.0360492450542
5503,2021,71.263307949562
5304,2021,77.6932473805403
5603,2021,95.7260013902561
5402,2021,76.8144148285553
5404,2021,39.2693532722376
5101,2021,1177.05714760026
5504,2021,96.4416751562185
5602,2021,57.2390686600811
5706,2021,61.3291627733274
5705,2021,65.8864843192745
5302,2021,62.3118236436903
5601,2021,360.888693910668
5605,2021,54.0908457206921
5403,2021,23.2501270082086
5105,2021,75.6129728587532
5104,2021,3.90468640185705
5703,2021,99.2302071355125
5502,2021,199.261375584226
5604,2021,66.9544327368764
5804,2021,524.807651549881
5301,2021,253.641457334686
5702,2021,56.9572489387695
5704,2021,28.5305386285737
5103,2021,172.529291756128
5201,2021,31.3153624536399
5802,2021,187.035591095221
5803,2021,72.4387928397696
5506,2021,87.3604054523744
5303,2021,42.5362371469157
5109,2021,1351.51838770906
5102,2021,109.598206356398
5107,2021,136.537946821252
6304,2021,13.8678601435122
6205,2021,13.1542675578537
6116,2021,58.0483026889269
6115,2021,121.410793548829
6117,2021,96.4671458390246
6109,2021,26.8314587829757
6203,2021,12.8748715190244
6113,2021,39.3702999309757
6103,2021,14.8967171783903
6102,2021,26.8956443594635
6204,2021,14.4530815761951
6303,2021,71.6141130607318
6108,2021,115.635979476
6201,2021,34.2373416230244
6114,2021,26.4199159690244
6202,2021,5.8767558707805
6307,2021,22.5517910800976
6308,2021,17.3659740620976
6305,2021,36.4517440118537
6310,2021,78.3649254583904
6301,2021,149.803472089317
6112,2021,28.2926245536098
6309,2021,6.66774871043904
6302,2021,30.2106406039513
6306,2021,25.2702390254635
6111,2021,27.818783974244
6101,2021,505.610551916245
6107,2021,51.0350845520977
6106,2021,69.7961509972684
6104,2021,40.601152750683
6110,2021,52.4150744465855
6206,2021,11.9592831485366
6105,2021,43.3516934842928
7308,2021,49.396459900515
7203,2021,12.9901328923781
7309,2021,6.92584952671682
7105,2021,98.9991879427192
7307,2021,31.0290752221017
7403,2021,52.4412950074496
7402,2021,36.1968855104217
7404,2021,71.1529888146825
7109,2021,74.1787837854612
7401,2021,161.674556133977
7104,2021,6.65770094252091
7406,2021,79.3243805815992
7106,2021,14.5514240571638
7107,2021,13.6676444039264
7108,2021,23.5764485950711
7306,2021,25.9739190727043
7305,2021,18.0627424999185
7202,2021,14.7862524030868
7101,2021,378.17359765092
7110,2021,15.9905410149489
7201,2021,70.2152621090033
7407,2021,28.014386997414
7408,2021,30.727606399633
7405,2021,33.6280538073852
7103,2021,14.8401994555286
7301,2021,263.002987399771
7303,2021,11.0956393448639
7304,2021,79.9891986690435
7302,2021,16.2348894289499
7102,2021,80.0939194179011
8207,2021,27.4929797322367
8313,2021,55.1502303917166
8314,2021,16.8975049250548
8203,2021,92.4372419224642
8109,2021,36.883801072969
8110,2021,394.118310851031
8312,2021,38.0137859361263
8202,2021,96.494236034681
8201,2021,67.520329003813
8101,2021,594.016117678377
8102,2021,315.422580887799
8204,2021,15.7799648291129
8205,2021,84.4277897426401
8206,2021,56.3673286253816
8311,2021,36.400944105012
8106,2021,113.675481652247
8107,2021,124.38544831781
8301,2021,547.644426080395
8108,2021,368.539336316521
8111,2021,146.532156054316
8112,2021,242.762563024031
8305,2021,77.35169510397
8306,2021,69.6434062907583
8307,2021,26.0692983627963
8103,2021,227.577458067813
8309,2021,24.9467803599682
8310,2021,8.94778762786448
8105,2021,65.6237464801877
8302,2021,10.7323672465512
8303,2021,76.7643020914037
8304,2021,59.4760314757857
8104,2021,29.5065430676866
8308,2021,10.4187591127234
9103,2021,23.5769376913624
9105,2021,33.2439389357533
9104,2021,10.2138452462
9207,2021,13.0707462484913
9114,2021,34.2527943376588
9102,2021,33.2870077950843
9106,2021,16.4744912525916
9203,2021,23.7479080117371
9115,2021,39.2213745641197
9110,2021,8.2000497932372
9202,2021,34.2867273783438
9101,2021,397.892309488145
9107,2021,19.755555263446
9117,2021,20.599965929724
9108,2021,53.5946275281371
9118,2021,13.0864076518843
9211,2021,46.3473131079802
9109,2021,32.3225263694592
9205,2021,14.448949747084
9201,2021,73.4637279661831
9113,2021,9.45035183078634
9119,2021,40.7953456051263
9120,2021,77.7249348060557
9206,2021,9.80142829018166
9116,2021,16.6585127424605
9112,2021,108.336452854819
9121,2021,16.2186883305043
9210,2021,25.2083338781436
9208,2021,15.8793579236538
9204,2021,11.0230177548434
9111,2021,44.2408543516082
9209,2021,14.2048928775416
1403,2022,1.21723527475747
1402,2022,1.0661408391321
1107,2022,105.814671006355
1404,2022,2.3612360016353
1401,2022,14.0086126744096
1101,2022,176.589308967222
1405,2022,4.75253671240014
10402,2022,1.80972551258566
10401,2022,3.19326129928637
10307,2022,6.6698059772025
10102,2022,23.5359165981659
10403,2022,6.04632961262896
10109,2022,31.6227717974874
10306,2022,4.76523111909348
10101,2022,174.189558395706
10206,2022,2.65262002980323
10103,2022,2.51413998533913
10104,2022,7.97746228748452
10404,2022,1.15210338362371
10106,2022,11.2750578668466
10107,2022,11.8593298352705
10108,2022,9.36858602182709
10201,2022,30.4902706119385
10202,2022,26.878407534409
10203,2022,10.2152745128656
10204,2022,2.59507809351906
10305,2022,8.96832178371852
10205,2022,9.65882501912857
10207,2022,3.50626413951345
10208,2022,18.8086252172818
10209,2022,5.54552506826563
10105,2022,12.9848754021476
10301,2022,110.65630511931
10302,2022,5.7687371947306
10303,2022,13.2966135844344
10210,2022,5.21102304305326
10304,2022,7.46717280856885
11303,2022,0.0778248747591525
11101,2022,8.2939272832703
11402,2022,0.36398922426215
11302,2022,0.0900564181150814
11401,2022,0.691955881278267
11102,2022,0.123256321509746
11201,2022,3.37886304265211
11301,2022,0.499745914256526
11203,2022,0.216000990911845
11202,2022,0.787254389403032
12102,2022,0.055015069416643
12101,2022,30.8503958912409
12301,2022,1.60549813472694
12201,2022,0.423423374731984
12202,2022,0.0308255641867572
12402,2022,0.225840070951589
12103,2022,0.0447398813543906
12104,2022,0.142568234363752
12401,2022,5.19218096770691
12302,2022,0.146421429887096
12303,2022,0.059724530611842
14106,2022,12.3574837386461
14104,2022,10.7265759769616
14105,2022,3.85962343088803
14203,2022,5.37609069279394
14101,2022,93.8323263093077
14201,2022,20.7100725444022
14107,2022,10.9131296683815
14108,2022,18.8800696666646
14204,2022,17.2277369712316
14202,2022,7.96014672660673
14103,2022,9.33343272394951
14102,2022,2.84220035751421
15102,2022,0.432219456759036
15202,2022,0.280838246058407
15101,2022,88.0882045025209
15201,2022,0.886711091644142
16205,2022,4.30113494353007
16204,2022,4.71915478217389
16103,2022,30.4576089980415
16102,2022,19.895816345347
16108,2022,14.5684733702616
16109,2022,16.4140703937079
16101,2022,176.605056484314
16201,2022,10.7142778768538
16105,2022,7.55064765147822
16203,2022,14.7963248546377
16107,2022,16.7015138047669
16104,2022,10.7545900625512
16305,2022,10.8133056373711
16106,2022,10.5504000784757
16304,2022,4.14339160819279
16301,2022,49.6909033349719
16302,2022,25.1881052459131
16206,2022,5.50699510699735
16207,2022,5.0267542860816
16202,2022,4.60259998439689
16303,2022,10.125369424928
2202,2022,0.358834757010177
2201,2022,250.251873997331
2104,2022,17.8555660629831
2103,2022,2.29448461113318
2203,2022,13.9135283202011
2301,2022,36.3992202800897
2102,2022,19.84523405257
2302,2022,8.59660041525457
2101,2022,563.181505031855
3201,2022,7.46492507456065
3102,2022,11.2443672684625
3101,2022,99.2603268610567
3304,2022,6.52305414059747
3303,2022,4.42975453162005
3202,2022,8.05032006858371
3301,2022,32.6300764129529
3103,2022,8.20065496977252
3302,2022,3.28402036043873
4104,2022,6.97746417898741
4103,2022,18.3439533916566
4102,2022,413.315883224828
4201,2022,51.1003483515128
4202,2022,14.7908592742838
4106,2022,46.8167839900185
4101,2022,401.448455819269
4305,2022,6.7355249898516
4204,2022,45.844374556761
4203,2022,37.1035459031107
4303,2022,50.6180208654792
4301,2022,190.779906879257
4105,2022,7.28609173435938
4302,2022,21.5310369408496
4304,2022,19.1659262778232
5706,2022,57.085169484069
5104,2022,3.67430612644673
5705,2022,61.1084320582789
5303,2022,39.9007750025589
5301,2022,234.697159112196
5701,2022,291.72074804666
5101,2022,1090.10573139547
5704,2022,26.4967420384822
5703,2022,92.1860827590629
5403,2022,21.6592477528252
5803,2022,67.6599183079488
5103,2022,161.125508042143
5302,2022,58.4912587000556
5405,2022,28.0328346369688
5606,2022,42.0629365220322
5605,2022,50.6465809086754
5702,2022,52.9661149438066
5802,2022,174.040317751022
5109,2022,1255.49398192695
5201,2022,29.4252392863765
5105,2022,70.7286823632772
5404,2022,36.2880494257174
5402,2022,70.9373720036061
5602,2022,53.6024472897275
5506,2022,80.718415965907
5801,2022,583.410705818517
5102,2022,102.261344902811
5504,2022,91.1802671155105
5603,2022,89.7639144745897
5604,2022,62.7232109145944
5107,2022,128.09096432057
5401,2022,130.403656072412
5601,2022,334.443964906126
5501,2022,340.064900628428
5304,2022,72.6171525511716
5502,2022,184.088210761613
5503,2022,66.0588240182122
5804,2022,491.056987118862
6309,2022,5.42228538825405
6101,2022,415.02531901164
6106,2022,57.4494901294471
6115,2022,99.6124069158114
6202,2022,4.77695813887272
6206,2022,9.69373718177807
6310,2022,64.3544916978273
6107,2022,41.9201508211208
6108,2022,96.0001108127268
6308,2022,14.1787615649783
6104,2022,33.3803202209746
6113,2022,32.1695633816591
6112,2022,23.0550842308733
6203,2022,10.5480275404829
6109,2022,21.8873492081833
6105,2022,35.6451115676128
6114,2022,21.6599481774489
6301,2022,122.864162308401
6103,2022,12.198221506758
6116,2022,47.7649719083745
6110,2022,43.0755938962035
6201,2022,28.2207752128258
6205,2022,10.79693947953
6306,2022,20.6781288623188
6305,2022,29.8940165808645
6302,2022,24.6760848215812
6307,2022,18.4794067340696
6102,2022,22.093239330605
6117,2022,79.1570696038742
6111,2022,22.7877343704154
6304,2022,11.3393216677004
6303,2022,58.5665208682572
6204,2022,11.7987332095219
7102,2022,82.5366928483455
7101,2022,391.456150909017
7407,2022,29.0438632499163
7202,2022,15.1840605139131
7308,2022,51.2557973472128
7203,2022,13.5136342416544
7103,2022,15.161200330324
7104,2022,6.84825785518351
7403,2022,54.3157962076357
7105,2022,105.607516700489
7401,2022,167.5651457079
7402,2022,37.6245964471003
7302,2022,16.7075284630991
7405,2022,34.7785035902608
7303,2022,11.4186617027416
7301,2022,273.907454023751
7307,2022,32.048344521623
7306,2022,27.0354328345907
7309,2022,7.09808700440694
7408,2022,31.8654630529104
7201,2022,72.380239853772
7404,2022,73.6473471727091
7305,2022,18.7943366507301
7110,2022,16.6373150420755
7304,2022,83.2486242801195
7106,2022,15.1089484821204
7406,2022,82.453416465271
7109,2022,77.0339200844045
7108,2022,24.4146760731292
7107,2022,14.0786073503558
8201,2022,63.333055673546
8109,2022,34.645438097552
8202,2022,90.6251477219678
8313,2022,51.7464599471317
8206,2022,53.1023133443214
8305,2022,72.5719947432084
8312,2022,35.7562577482616
8112,2022,228.072743914182
8111,2022,137.634288570485
8303,2022,72.196276331939
8304,2022,55.7953509008737
8306,2022,65.3469997041392
8307,2022,24.5360458142033
8203,2022,86.9263049774831
8204,2022,14.8093729063091
8310,2022,8.35681758233421
8311,2022,34.1740398424189
8104,2022,27.6841460427899
8207,2022,25.831224188455
8314,2022,15.8525165698956
8107,2022,116.811087429137
8110,2022,369.382538681868
8308,2022,9.77334600246179
8309,2022,23.359883831099
8101,2022,557.923171497268
8205,2022,79.1832385887132
8103,2022,213.837450071055
8302,2022,10.074387462423
8106,2022,106.36798251963
8301,2022,516.580144329261
8108,2022,350.10188331598
8105,2022,61.8558522304805
8102,2022,297.585317308483
9121,2022,19.7249591307355
9119,2022,50.0774814143634
9120,2022,94.5785288454295
9110,2022,9.93346670235459
9210,2022,30.4487492915433
9103,2022,28.5005467542386
9117,2022,24.8833577517772
9116,2022,20.0767398318035
9118,2022,15.7638768868714
9205,2022,17.4912305535505
9201,2022,89.0904344103824
9202,2022,41.6047722420041
9104,2022,12.3754242147009
9204,2022,13.2872145519982
9109,2022,39.0870951168718
9208,2022,19.1602170187071
9206,2022,11.828034513936
9101,2022,483.625899339553
9102,2022,40.2433967037904
9211,2022,56.0498658728539
9209,2022,17.2404093361971
9107,2022,23.8485230437028
9203,2022,28.7213956248642
9113,2022,11.4415489903411
9106,2022,19.8858633079057
9111,2022,53.6236832798379
9112,2022,132.247458714498
9108,2022,65.2324464150813
9114,2022,41.6063497339372
9115,2022,47.7822306517898
9105,2022,40.1992269296652
9207,2022,15.7370595240097
1107,2023,87.0999655731237
1101,2023,143.174580925097
1404,2023,1.91234722890478
1401,2023,11.4566983986205
1405,2023,3.86877778678757
1403,2023,0.974179481218054
1402,2023,0.856210009305097
10105,2023,15.6606199820963
10106,2023,13.5044257133553
10107,2023,14.2466351911797
10103,2023,2.99913217569888
10104,2023,9.53739179004446
10209,2023,6.63444390381874
10210,2023,6.21941248152506
10301,2023,133.044835683087
10109,2023,38.3745020733552
10201,2023,36.7181631672306
10202,2023,32.1997736318217
10306,2023,5.66654215620683
10307,2023,7.98481073949327
10401,2023,3.83298180333638
10402,2023,2.18800324636214
10403,2023,7.25471896742919
10207,2023,4.19802768936841
10208,2023,22.6767716173677
10303,2023,15.9029740973043
10304,2023,8.94665363422498
10305,2023,10.7037209694829
10108,2023,11.1899439131189
10204,2023,3.12030923330288
10205,2023,11.6390563828638
10206,2023,3.17408155261465
10203,2023,12.2790227183349
10404,2023,1.38141845668555
10102,2023,28.3471005566246
10101,2023,210.738263522498
10302,2023,6.88361422851696
11302,2023,0.09540803492348
11203,2023,0.228297797852613
11201,2023,3.57496178478159
11402,2023,0.38489759327017
11102,2023,0.129908261837774
11303,2023,0.0826301731033711
11101,2023,8.78619976374935
11401,2023,0.732171482292242
11301,2023,0.529713360564738
11202,2023,0.832690661943766
12103,2023,0.0515155027024418
12301,2023,1.90230417296334
12202,2023,0.0371916799998116
12402,2023,0.268634499458099
12104,2023,0.165352198918082
12201,2023,0.495805301619111
12401,2023,6.14341216861754
12101,2023,36.4222142960318
12102,2023,0.0633263740537334
12302,2023,0.170629396755893
12303,2023,0.0698600475672138
14105,2023,5.07703233069971
14107,2023,14.3864152820193
14102,2023,3.73640964914792
14203,2023,7.07111398991912
14101,2023,124.396578098141
14106,2023,16.3915025661257
14108,2023,24.885093572694
14103,2023,12.351750381029
14202,2023,10.4629100097918
14204,2023,22.686720001509
14104,2023,14.116777472287
14201,2023,27.2856955011782
15202,2023,0.359614798724409
15102,2023,0.55641891742931
15201,2023,1.14459486310418
15101,2023,114.144152438403
16201,2023,12.1563015776099
16109,2023,18.6647023732078
16105,2023,8.54538119727359
16207,2023,5.71546891240903
16305,2023,12.3351583933668
16106,2023,12.0330891045329
16107,2023,19.0601746658258
16303,2023,11.4677028369459
16108,2023,16.5084840943609
16102,2023,22.5876285321422
16206,2023,6.25005206172685
16204,2023,5.33589500341386
16202,2023,5.20473333852547
16302,2023,28.7244046105564
16101,2023,201.537847292815
16103,2023,34.9525963948018
16301,2023,56.5247156730355
16104,2023,12.1563015776099
16304,2023,4.73076277676972
16203,2023,16.7867058077605
16205,2023,4.85993714370525
2103,2023,2.36726656012871
2301,2023,37.4284394241779
2102,2023,20.6858409961247
2104,2023,18.4004776317148
2302,2023,8.70815913190206
2101,2023,582.848240100977
2201,2023,258.15755188618
2203,2023,14.4374197743564
2202,2023,0.361959284305395
3201,2023,8.77860830093218
3304,2023,7.74563318544199
3202,2023,9.4217814860487
3301,2023,38.5352811789044
3102,2023,13.3473557538289
3103,2023,9.69061040354778
3101,2023,117.773948756343
3303,2023,5.24888461416937
3302,2023,3.88121749639284
4203,2023,43.6627146100751
4204,2023,53.7302490958818
4104,2023,8.15988754214767
4102,2023,489.728738817472
4202,2023,17.2049521698947
4302,2023,25.0559309740067
4103,2023,21.3761233753007
4101,2023,475.365385740736
4106,2023,54.8629144686794
4305,2023,7.81484912714873
4304,2023,22.4690461034387
4301,2023,223.505407629993
4201,2023,59.5904826993193
4105,2023,8.49950650560212
4303,2023,58.9943430294258
5606,2023,47.8963108828696
5301,2023,264.506377088217
5201,2023,33.6189343327657
5703,2023,104.279066701392
5104,2023,4.17977600591516
5302,2023,66.8610351341793
5605,2023,57.7016731782548
5503,2023,74.5553606059697
5504,2023,104.894305119926
5109,2023,1420.05871049907
5107,2023,146.272934006452
5303,2023,45.5545596523247
5604,2023,71.4945494737632
5502,2023,207.085406438419
5402,2023,79.7810419233927
5702,2023,59.9857458070622
5404,2023,40.8172238296131
5405,2023,31.8424333992488
5105,2023,80.5923875878343
5704,2023,29.969801462836
5705,2023,69.0028338787007
5304,2023,82.6457458096915
5706,2023,64.7038554291945
5506,2023,90.8284167761933
5601,2023,377.483376931634
5101,2023,1229.4963008384
5603,2023,102.483339567296
5401,2023,147.11504159182
5701,2023,330.929054849191
5803,2023,76.9547904382522
5102,2023,116.172394379677
5103,2023,183.194929598721
5501,2023,385.277678646436
5403,2023,24.5518581396213
5602,2023,61.0854844801916
5804,2023,559.443984453171
5801,2023,661.662002452475
5802,2023,197.21852030118
6111,2023,28.7324494618592
6109,2023,27.4902462375882
6110,2023,54.4932406678267
6117,2023,99.9732858479197
6203,2023,13.3060187232379
6308,2023,17.8318754318222
6114,2023,27.3361745198492
6108,2023,122.56790325435
6302,2023,31.0184885738122
6113,2023,40.4611589747437
6116,2023,60.4924081772906
6205,2023,13.6372729163768
6106,2023,72.7854053563943
6301,2023,155.125183109081
6112,2023,28.9231132125613
6306,2023,26.0650828485021
6305,2023,37.7263859848757
6105,2023,45.1141248504627
6307,2023,23.3033473080298
6206,2023,12.1023334284016
6107,2023,53.0006709022298
6202,2023,5.97605675180302
6204,2023,14.8274769359109
6101,2023,524.40235028954
6115,2023,125.795705740983
6102,2023,27.933202426088
6309,2023,6.77915558051776
6310,2023,81.3402374838545
6201,2023,35.7966377201942
6304,2023,14.290151820296
6104,2023,42.2464650040448
6303,2023,73.7387241099046
6103,2023,15.3744315338845
7104,2023,8.87688121102373
7301,2023,359.913519896707
7303,2023,14.8244976783381
7406,2023,108.145230237526
7308,2023,67.110070402767
7304,2023,109.32032992472
7305,2023,24.6728511939374
7103,2023,19.5333809013901
7401,2023,219.117911527451
7307,2023,41.7690668596127
7109,2023,100.944032695966
7407,2023,37.9955969254643
7302,2023,21.6990429602802
7110,2023,21.8347945486925
7309,2023,9.18232228495143
7108,2023,31.9058655140308
7306,2023,35.5117670812328
7405,2023,45.3855740196594
7403,2023,70.9874751467936
7101,2023,511.325326703518
7102,2023,107.330720707052
7408,2023,41.6969488282687
7202,2023,19.6797380826471
7105,2023,141.832835349468
7106,2023,19.792157366801
7107,2023,18.2946476571278
7203,2023,17.734672354927
7201,2023,94.1543321567819
7404,2023,96.1863637458287
7402,2023,49.3414601507369
8311,2023,39.0275652983218
8101,2023,637.570943421305
8110,2023,421.301728636902
8309,2023,26.6272533931376
8103,2023,244.4514997757
8310,2023,9.49261583465356
8308,2023,11.1488309957067
8312,2023,40.9500529933063
8201,2023,72.2823420610114
8102,2023,341.502512943008
8104,2023,31.6012243269757
8301,2023,592.704021453868
8313,2023,59.0965261807296
8112,2023,260.686136169496
8109,2023,39.5947257955956
8307,2023,28.0624623510277
8306,2023,74.5989131062144
8106,2023,121.127375685383
8107,2023,133.469107633102
8202,2023,103.553388445912
8105,2023,70.9137012366041
8203,2023,99.4501286980297
8111,2023,157.284523067925
8108,2023,404.289576444026
8207,2023,29.524298562311
8206,2023,60.8592503553553
8204,2023,16.9109686299817
8304,2023,63.67375103901
8305,2023,82.8347225807118
8205,2023,90.3675725656304
8314,2023,18.1145204833515
8303,2023,82.6057282015308
8302,2023,11.5082989165141
9108,2023,68.4720277668591
9116,2023,20.8801520383611
9107,2023,24.8364086878733
9115,2023,50.1860614816293
9102,2023,41.9708657611869
9211,2023,58.465412715307
9111,2023,56.0571134492422
9120,2023,99.238708896101
9101,2023,506.951930546122
9110,2023,10.378388025685
9205,2023,18.2612910878316
9103,2023,29.720452759558
9117,2023,25.9237623865542
9114,2023,43.591203723669
9119,2023,53.0319342482222
9210,2023,31.727368814612
9112,2023,139.199368575914
9109,2023,40.7700061544742
9121,2023,20.6909755249748
9201,2023,93.1801254282617
9209,2023,18.035924284928
9113,2023,11.946085567051
9206,2023,12.3112784885444
9106,2023,20.7074256565737
9104,2023,12.9298034366594
9118,2023,16.3942011513674
9204,2023,13.8263356087942
9202,2023,43.5402083157127
9203,2023,29.9556896414209
9208,2023,19.9342694714299
9105,2023,41.9264504058701
9207,2023,16.3629459013297
1101,2024,149.790275931822
1405,2024,4.06243533806008
1404,2024,1.99860711672166
1403,2024,1.00608397022693
1401,2024,12.0839854524111
1107,2024,92.532603613413
1402,2024,0.887265324192426
10304,2024,9.54164648363565
10303,2024,16.9291964350036
10107,2024,15.2296562549348
10108,2024,11.8967812604816
10302,2024,7.31165599558338
10106,2024,14.3972448888298
10307,2024,8.50738949044413
10401,2024,4.09988837738211
10101,2024,226.838152632413
10306,2024,5.99400774196235
10403,2024,7.73956872500688
10103,2024,3.18673876044254
10104,2024,10.1496055124204
10102,2024,30.3785742590349
10301,2024,142.344765751472
10210,2024,6.60923321332217
10202,2024,34.3331337849147
10203,2024,13.133691263268
10305,2024,11.3719826300565
10201,2024,39.3413274841863
10404,2024,1.4742804602402
10207,2024,4.47451386125476
10402,2024,2.3510978643042
10205,2024,12.4789040489992
10209,2024,7.06782647806282
10206,2024,3.38131794495398
10208,2024,24.3312792715217
10105,2024,16.8072816762433
10109,2024,41.4316407982947
10204,2024,3.33852667201163
11302,2024,0.0884269891415233
11202,2024,0.769249304057815
11102,2024,0.119736693444966
11203,2024,0.211045747417769
11303,2024,0.0766367239226535
11401,2024,0.676368214722496
11101,2024,8.12820884188882
11402,2024,0.355410994875485
11301,2024,0.490082024264354
11201,2024,3.30363231432731
12401,2024,6.11347042952133
12402,2024,0.268306667789069
12302,2024,0.167288338658494
12303,2024,0.0685038300738049
12101,2024,36.1662992447258
12102,2024,0.0615541661532739
12103,2024,0.0508814679896014
12104,2024,0.161579686152344
12201,2024,0.488462092700174
12202,2024,0.0374785447142918
12301,2024,1.89552083432481
14101,2024,121.848138890105
14204,2024,22.0815707253479
14102,2024,3.62962723844738
14106,2024,16.0643125896327
14108,2024,24.2376656667707
14201,2024,26.5697547017982
14203,2024,6.87380733652867
14202,2024,10.1634916109032
14103,2024,12.0786820895972
14104,2024,13.7315543755421
14105,2024,4.9351955906249
14107,2024,14.0139479401853
15202,2024,0.34888465026472
15201,2024,1.11895713674165
15101,2024,112.010266312142
15102,2024,0.542709455967342
16109,2024,19.6553593097646
16108,2024,17.3230137797766
16305,2024,13.0308718715705
16107,2024,20.1447866267956
16104,2024,12.7282409079479
16201,2024,12.7741573300148
16103,2024,37.1296885713525
16105,2024,8.95683296818208
16304,2024,5.00175934014875
16303,2024,12.028015471428
16205,2024,5.08837440904763
16203,2024,17.6371238489159
16106,2024,12.7094569171024
16202,2024,5.45153156539475
16301,2024,59.5462945354116
16101,2024,212.980193092071
16102,2024,23.7450515388576
16207,2024,6.01713840085493
16302,2024,30.3330145504076
16204,2024,5.58615016645446
16206,2024,6.56709191061049
2102,2024,22.8324038889237
2101,2024,638.904646353558
2202,2024,0.386843650949201
2201,2024,282.082363646794
2301,2024,40.7753341227273
2103,2024,2.58854487624001
2104,2024,20.0856701591356
2203,2024,15.862027769404
2302,2024,9.35758972760762
3301,2024,37.8909744542132
3302,2024,3.81882362830904
3101,2024,116.328462367276
3304,2024,7.65614354819266
3201,2024,8.59879383665434
3202,2024,9.18803283967314
3303,2024,5.1789616408827
3102,2024,13.1878558926763
3103,2024,9.53285656117069
4104,2024,6.776468615865
4102,2024,412.065500805535
4106,2024,45.6563264939627
4301,2024,185.96944016815
4103,2024,17.6938633437852
4303,2024,48.8419992538145
4101,2024,399.741387134856
4203,2024,36.4879871996543
4302,2024,20.7121051561459
4105,2024,7.03957439049378
4304,2024,18.7074185437756
4202,2024,14.215186425824
4305,2024,6.44011180170889
4204,2024,44.7220020101957
4201,2024,49.36372604555
5604,2024,70.8985246845903
5603,2024,101.850773385798
5109,2024,1397.98794772179
5601,2024,370.971638263388
5602,2024,60.5685644797495
5302,2024,66.5068804007837
5503,2024,73.2467560754175
5801,2024,653.256146418403
5301,2024,259.430647199096
5802,2024,194.545702262169
5101,2024,1207.29199019169
5605,2024,57.1854554727725
5506,2024,88.980659032226
5103,2024,181.276689627463
5107,2024,145.308106881427
5105,2024,79.8586832447819
5702,2024,59.1347885824656
5201,2024,33.3870334926584
5704,2024,29.5071832299295
5705,2024,67.8239973667925
5504,2024,104.985511764899
5706,2024,63.83125136412
5303,2024,45.2711917173897
5803,2024,76.1933348879458
5804,2024,554.762139700262
5102,2024,114.939152836595
5402,2024,78.1125624669873
5606,2024,47.4500794983014
5403,2024,24.2274257918998
5701,2024,326.788008840788
5703,2024,102.682438670049
5405,2024,31.4903850616057
5501,2024,379.976955119557
5502,2024,202.843539148025
5401,2024,144.457625640518
5404,2024,40.0140134273487
5104,2024,4.15456322992504
5304,2024,81.8719906071097
6107,2024,54.8261472261383
6307,2024,24.0532457505138
6302,2024,31.9050281238128
6306,2024,26.8647923829256
6105,2024,46.7214639610974
6113,2024,41.6377608794421
6310,2024,84.1330138449465
6304,2024,14.7275253675316
6305,2024,38.9724225750686
6309,2024,6.94687137003504
6111,2024,29.6506537685198
6206,2024,12.3664584485351
6106,2024,75.4454730559692
6112,2024,29.6921453210712
6103,2024,15.8537246510697
6104,2024,43.7498784831302
6303,2024,75.9710327216203
6117,2024,103.311990064779
6110,2024,56.4127051641753
6301,2024,160.270012776772
6201,2024,37.152721627457
6109,2024,28.2537714992893
6308,2024,18.3372904395037
6102,2024,28.8998542461611
6204,2024,15.2432060920991
6205,2024,14.0972489263936
6108,2024,127.934262821712
6101,2024,542.170117189193
6202,2024,6.12099189544043
6114,2024,28.2300620406884
6116,2024,62.679905387654
6203,2024,13.7297523180812
6115,2024,129.979203626031
7107,2024,17.4474757837258
7303,2024,14.1303113639124
7105,2024,139.513058449164
7108,2024,30.6008417727786
7307,2024,39.9556499688987
7101,2024,490.179813509304
7106,2024,19.0271742056004
7201,2024,89.8992010994063
7110,2024,21.0336541473412
7306,2024,34.2335413447206
7408,2024,40.048692385552
7102,2024,102.439700735286
7404,2024,92.1989669197281
7109,2024,97.0857164552581
7301,2024,347.066418067903
7402,2024,47.4900630565846
7407,2024,36.480717973021
7302,2024,20.6817110930439
7104,2024,8.4466333031346
7103,2024,18.4790330118385
7401,2024,210.271816314001
7202,2024,18.7217523596298
7308,2024,64.4925533693599
7403,2024,68.094913022828
7406,2024,104.104350928888
7304,2024,105.356378231244
7203,2024,17.0793514395758
7305,2024,23.7723374549188
7309,2024,8.71969256939973
7405,2024,43.4710351894083
8108,2024,452.32504425867
8109,2024,43.8724296425884
8307,2024,31.1556125614997
8107,2024,147.878668323161
8106,2024,133.788812141102
8112,2024,288.912766192344
8205,2024,100.007925247061
8207,2024,32.7201699920043
8306,2024,82.5827036952631
8105,2024,78.8053729496756
8204,2024,18.7245997567931
8309,2024,29.4231082881725
8310,2024,10.468686535938
8301,2024,659.267965410262
8302,2024,12.7433350036397
8110,2024,466.028917345821
8206,2024,67.6295418123796
8111,2024,174.281679876367
8203,2024,110.323397119371
8104,2024,34.98303271635
8308,2024,12.3337804220198
8202,2024,114.737158006181
8311,2024,43.2271601938492
8312,2024,45.457612123966
8303,2024,91.640047464324
8304,2024,70.4816917045237
8305,2024,91.6989761811039
8103,2024,270.963079061206
8201,2024,80.0016259003063
8102,2024,379.916383515446
8313,2024,65.4403399840086
8314,2024,20.0475494485004
8101,2024,706.484599730106
9114,2024,52.7448238160583
9210,2024,38.166033238054
9113,2024,14.4044078716207
9211,2024,70.4545766223142
9115,2024,60.8595645278876
9112,2024,169.176986273748
9203,2024,36.0873121130946
9204,2024,16.6198608913582
9118,2024,19.6913744697063
9105,2024,50.5075729580229
9110,2024,12.5218672913429
9116,2024,25.0873302592816
9117,2024,31.1986514693625
9111,2024,67.6743614284934
9206,2024,14.7987505826473
9119,2024,64.8822565046918
9120,2024,120.234894429851
9205,2024,22.0138350592701
9103,2024,35.8039402152212
9202,2024,52.6279081379148
9207,2024,19.6497604147738
9209,2024,21.8018015412809
9201,2024,112.55016561899
9108,2024,82.9982417519551
9109,2024,49.1144929286173
9208,2024,23.9835669927398
9104,2024,15.6013073563447
9102,2024,50.561076742936
9121,2024,25.0615691776568
9106,2024,24.9050210662442
9107,2024,29.8749281981777
9101,2024,613.700302683924
